"BFS_NUMMER","location","populationTot","Italie","Allemagne","Portugal","France","Kosovo","Espagne","Serbie","Turquie"
1,"Aeugst am Albis",1981,16,89,4,9,7,20,0,2
2,"Affoltern am Albis",11708,546,573,119,13,305,82,350,47
3,"Bonstetten",5326,97,265,7,11,12,16,2,8
4,"Hausen am Albis",3477,28,167,28,4,6,8,21,7
5,"Hedingen",3660,83,156,12,5,48,17,15,13
6,"Kappel am Albis",1033,6,41,2,3,0,1,4,5
7,"Knonau",2097,31,120,30,2,5,7,3,8
8,"Maschwanden",641,14,37,0,6,2,1,5,0
9,"Mettmenstetten",4669,84,211,26,2,10,22,44,4
10,"Obfelden",5009,167,220,11,4,79,26,91,18
11,"Ottenbach",2569,37,75,10,0,20,9,7,0
12,"Rifferswil",1057,3,49,3,2,0,1,0,1
13,"Stallikon",3455,61,265,11,16,5,20,14,7
14,"Wettswil am Albis",4920,73,245,20,7,16,26,4,1
21,"Adlikon",662,4,26,3,0,0,1,0,0
22,"Benken (ZH)",860,7,42,12,1,1,5,0,8
23,"Berg am Irchel",573,1,29,0,0,2,2,4,0
24,"Buch am Irchel",966,12,35,0,0,0,2,1,1
25,"Dachsen",1988,39,120,7,3,6,15,1,1
26,"Dorf",624,1,26,5,0,0,0,1,1
27,"Feuerthalen",3567,147,276,29,8,56,30,17,12
28,"Flaach",1359,16,75,6,0,5,1,4,4
29,"Flurlingen",1438,36,85,4,3,7,3,5,1
30,"Andelfingen",2170,35,81,51,8,4,5,4,9
31,"Henggart",2249,36,95,0,4,3,3,3,0
32,"Humlikon",504,3,17,0,1,0,0,0,0
33,"Kleinandelfingen",2082,26,78,86,0,1,2,15,2
34,"Laufen-Uhwiesen",1634,12,95,0,2,0,4,0,0
35,"Marthalen",1956,11,94,19,6,16,0,2,5
36,"Oberstammheim",1174,3,52,8,1,0,2,0,1
37,"Ossingen",1426,24,46,0,0,12,1,3,0
38,"Rheinau",1321,8,160,2,8,3,3,8,1
39,"Thalheim an der Thur",904,9,19,7,0,0,3,2,0
40,"Trüllikon",1015,3,32,0,0,0,6,2,0
41,"Truttikon",473,3,6,0,0,0,0,0,0
42,"Unterstammheim",926,2,29,17,0,18,1,0,0
43,"Volken",339,3,23,4,0,1,0,0,0
44,"Waltalingen",678,3,10,6,1,0,1,5,0
51,"Bachenbülach",4034,172,192,82,6,73,18,63,59
52,"Bassersdorf",11580,490,502,154,25,225,78,154,123
53,"Bülach",19393,850,1097,232,47,474,149,277,296
54,"Dietlikon",7625,295,316,196,45,145,57,85,56
55,"Eglisau",5025,137,422,80,17,103,15,17,18
56,"Embrach",9139,279,515,178,19,177,74,122,167
57,"Freienstein-Teufen",2305,58,110,35,2,9,8,4,2
58,"Glattfelden",4955,181,360,107,11,78,41,37,59
59,"Hochfelden",1994,35,77,17,9,25,5,5,0
60,"Höri",2645,214,98,114,1,82,22,83,33
61,"Hüntwangen",1014,9,52,0,0,0,4,2,0
62,"Kloten",18452,766,964,424,61,385,205,443,253
63,"Lufingen",2072,58,106,39,1,11,10,2,9
64,"Nürensdorf",5468,157,229,23,13,40,18,10,40
65,"Oberembrach",1079,13,40,7,4,7,2,4,0
66,"Opfikon",18617,935,1226,626,77,636,332,562,455
67,"Rafz",4344,89,355,42,6,42,23,17,16
68,"Rorbas",2743,87,151,80,13,54,12,25,18
69,"Wallisellen",15662,590,891,512,133,234,139,198,168
70,"Wasterkingen",573,2,28,0,2,0,2,2,0
71,"Wil (ZH)",1381,12,92,1,0,0,2,1,7
72,"Winkel",4246,71,154,57,8,11,7,19,14
81,"Bachs",585,1,22,0,2,0,0,0,3
82,"Boppelsen",1323,7,53,30,5,0,4,0,0
83,"Buchs (ZH)",6294,241,285,206,15,102,38,44,83
84,"Dällikon",3952,151,150,239,12,65,23,41,120
85,"Dänikon",1890,63,83,119,4,27,19,13,39
86,"Dielsdorf",5921,276,365,146,14,122,65,106,40
87,"Hüttikon",881,25,30,27,1,2,2,4,1
88,"Neerach",3047,53,143,10,7,1,6,3,6
89,"Niederglatt",4768,250,197,96,9,111,48,95,32
90,"Niederhasli",9100,493,359,171,9,150,76,75,105
91,"Niederweningen",2853,45,152,12,2,40,15,12,8
92,"Oberglatt",6818,389,351,261,16,267,97,160,75
93,"Oberweningen",1800,39,123,21,5,3,11,9,10
94,"Otelfingen",2784,87,122,97,13,11,16,5,31
95,"Regensberg",468,1,46,7,0,0,2,1,0
96,"Regensdorf",18036,976,958,757,31,536,146,406,316
97,"Rümlang",7774,405,315,294,17,178,75,156,109
98,"Schleinikon",722,10,23,4,1,0,0,4,0
99,"Schöfflisdorf",1396,30,66,18,0,0,5,8,5
100,"Stadel",2205,24,99,28,2,21,7,1,2
101,"Steinmaur",3395,79,214,94,5,40,24,29,11
102,"Weiach",1379,44,90,5,2,26,4,12,3
111,"Bäretswil",4974,70,190,30,6,38,6,21,5
112,"Bubikon",7019,129,222,59,10,14,20,16,21
113,"Dürnten",7421,201,258,97,18,155,22,29,53
114,"Fischenthal",2420,29,117,38,3,2,9,1,4
115,"Gossau (ZH)",9758,230,322,204,10,52,29,33,13
116,"Grüningen",3371,79,133,36,8,7,10,17,3
117,"Hinwil",10848,287,365,210,13,188,30,54,62
118,"Rüti (ZH)",12047,631,405,199,9,296,63,117,160
119,"Seegräben",1432,16,87,15,0,9,20,8,11
120,"Wald (ZH)",9447,428,385,407,4,257,90,71,130
121,"Wetzikon (ZH)",24407,1269,922,795,27,564,166,213,328
131,"Adliswil",18605,876,1315,500,123,179,184,172,141
132,"Hirzel",2148,24,105,7,4,9,6,3,4
133,"Horgen",20207,917,1344,255,122,444,173,191,239
134,"Hütten",898,5,22,0,0,0,2,10,4
135,"Kilchberg (ZH)",8098,202,783,31,85,21,61,29,18
136,"Langnau am Albis",7452,395,373,97,40,119,63,62,28
137,"Oberrieden",5037,137,232,16,26,8,34,13,30
138,"Richterswil",13198,385,820,74,39,108,42,46,78
139,"Rüschlikon",5674,158,408,38,73,17,57,10,17
140,"Schönenberg (ZH)",1864,18,56,3,2,2,2,1,0
141,"Thalwil",17747,746,1153,92,119,165,177,58,128
142,"Wädenswil",21621,779,1188,157,71,246,140,170,193
151,"Erlenbach (ZH)",5470,108,371,42,32,7,57,6,9
152,"Herrliberg",6295,60,476,33,42,4,34,4,7
153,"Hombrechtikon",8485,254,360,379,15,106,38,43,20
154,"Küsnacht (ZH)",13830,258,1051,148,124,38,131,25,18
155,"Männedorf",10593,226,685,90,20,42,66,39,16
156,"Meilen",13531,298,921,133,83,62,91,54,31
157,"Oetwil am See",4669,165,316,192,12,62,20,86,9
158,"Stäfa",14178,382,763,92,36,46,64,63,16
159,"Uetikon am See",5988,117,371,61,15,11,44,23,4
160,"Zumikon",5172,140,246,37,51,1,46,7,9
161,"Zollikon",12753,236,1012,147,142,12,106,18,39
172,"Fehraltorf",6307,179,234,151,12,65,46,16,49
173,"Hittnau",3614,40,108,12,3,1,20,4,4
174,"Illnau-Effretikon",16327,673,769,223,27,369,87,208,192
175,"Kyburg",407,10,17,1,0,0,0,0,0
176,"Lindau",5388,252,252,29,4,90,23,72,31
177,"Pfäffikon",11454,463,462,62,22,133,55,90,108
178,"Russikon",4292,66,178,33,1,23,13,17,22
180,"Weisslingen",3261,37,107,13,2,9,10,8,10
181,"Wila",1931,36,91,20,0,13,7,10,1
182,"Wildberg",1006,9,54,0,2,0,0,0,2
191,"Dübendorf",26844,1209,1562,955,661,564,346,342,278
192,"Egg",8388,184,457,128,46,34,41,24,30
193,"Fällanden",8356,162,584,99,98,76,35,26,35
194,"Greifensee",5374,100,305,21,14,64,46,40,18
195,"Maur",9890,168,618,119,87,36,42,17,16
196,"Mönchaltorf",3677,60,163,50,2,37,24,15,13
197,"Schwerzenbach",5001,155,326,61,22,57,38,39,54
198,"Uster",33886,1327,1685,605,110,540,284,244,296
199,"Volketswil",18536,725,869,284,55,551,113,185,254
200,"Wangen-Brüttisellen",7727,374,357,151,44,172,45,113,73
211,"Altikon",655,6,31,0,0,0,1,0,0
213,"Brütten",2016,7,59,2,3,1,5,5,1
214,"Dägerlen",1014,5,37,1,2,1,6,0,0
215,"Dättlikon",745,12,33,1,0,0,2,1,0
216,"Dinhard",1494,16,49,0,4,1,6,0,0
217,"Elgg",4218,83,183,30,4,52,26,56,14
218,"Ellikon an der Thur",885,6,44,6,0,3,0,9,3
219,"Elsau",3480,97,142,43,2,32,19,13,31
220,"Hagenbuch",1104,22,31,4,0,0,3,1,3
221,"Hettlingen",3114,22,96,1,6,15,3,6,4
222,"Hofstetten (ZH)",481,4,10,0,0,0,2,0,1
223,"Neftenbach",5513,120,180,15,4,21,17,26,15
224,"Pfungen",3757,168,244,19,11,75,14,35,105
225,"Rickenbach (ZH)",2598,46,114,3,5,7,7,2,1
226,"Schlatt (ZH)",738,3,19,0,3,1,2,0,0
227,"Seuzach",7211,174,220,78,2,42,22,29,9
228,"Turbenthal",4472,136,161,41,5,51,19,47,40
230,"Winterthur",108268,4577,4942,1049,239,1439,684,1285,1849
231,"Zell (ZH)",5700,241,267,35,14,74,46,70,61
241,"Aesch (ZH)",1197,9,85,3,7,0,7,0,0
242,"Birmensdorf (ZH)",6254,147,400,133,41,42,32,25,32
243,"Dietikon",26711,2130,1127,1284,116,1254,371,655,914
244,"Geroldswil",4868,179,197,131,17,104,56,65,46
245,"Oberengstringen",6575,285,345,302,15,114,105,81,105
246,"Oetwil an der Limmat",2369,61,121,25,3,10,18,9,15
247,"Schlieren",18453,1429,799,1615,49,714,359,506,283
248,"Uitikon",4112,72,258,13,10,10,15,2,2
249,"Unterengstringen",3648,149,151,55,5,47,27,33,55
250,"Urdorf",9688,392,419,281,23,136,74,121,71
251,"Weiningen (ZH)",4513,211,151,151,3,99,41,55,56
261,"Zürich",396955,14047,32249,8385,3872,2514,5993,3741,3458
297,"Bauma",4842,75,158,85,2,36,27,29,22
298,"Wiesendangen",6226,105,185,11,2,5,12,9,9
301,"Aarberg",4529,49,90,66,4,26,13,17,30
302,"Bargen (BE)",995,5,24,28,0,0,7,0,0
303,"Grossaffoltern",2999,10,71,9,4,4,4,0,1
304,"Kallnach",1905,3,57,13,1,12,5,1,0
305,"Kappelen",1350,6,20,15,0,1,2,2,1
306,"Lyss",14341,373,348,330,10,121,196,70,188
307,"Meikirch",2386,17,46,15,2,0,6,2,0
309,"Radelfingen",1256,6,32,1,0,0,1,0,1
310,"Rapperswil (BE)",2425,13,31,10,9,4,9,3,1
311,"Schüpfen",3719,45,80,2,1,12,15,9,1
312,"Seedorf (BE)",3002,22,76,10,2,0,3,6,1
321,"Aarwangen",4408,84,102,26,9,99,16,79,14
322,"Auswil",471,1,1,0,0,0,0,0,0
323,"Bannwil",699,3,20,0,1,0,1,10,0
324,"Bleienbach",677,3,18,4,0,0,0,0,0
325,"Busswil bei Melchnau",170,0,3,0,0,0,0,0,0
326,"Gondiswil",737,1,13,0,0,1,5,1,0
329,"Langenthal",15447,425,457,186,25,329,98,173,289
331,"Lotzwil",2514,49,82,11,8,32,7,17,14
332,"Madiswil",3218,6,74,11,1,7,8,0,1
333,"Melchnau",1557,14,44,2,0,43,1,23,6
334,"Obersteckholz",410,1,2,0,0,0,0,0,0
335,"Oeschenbach",241,1,3,0,0,1,0,0,0
336,"Reisiswil",188,0,13,0,0,0,0,0,0
337,"Roggwil (BE)",3928,88,136,33,8,93,18,22,10
338,"Rohrbach",1413,8,30,3,1,9,1,1,0
339,"Rohrbachgraben",394,0,13,0,0,0,0,0,0
340,"Rütschelen",571,2,16,0,0,0,0,0,1
341,"Schwarzhäusern",501,0,14,1,0,0,1,0,0
342,"Thunstetten",3258,65,116,17,1,85,1,23,34
344,"Ursenbach",911,0,23,0,1,0,1,0,0
345,"Wynau",1620,45,54,17,1,78,18,28,14
351,"Bern",131554,4150,6329,1630,811,1207,2189,776,1148
352,"Bolligen",6138,66,152,40,10,9,37,2,8
353,"Bremgarten bei Bern",4385,48,149,20,12,13,26,8,0
354,"Kirchlindach",2900,17,72,15,3,3,7,0,1
355,"Köniz",40214,1102,1226,340,116,244,412,108,290
356,"Muri bei Bern",12984,188,432,33,49,37,59,10,40
357,"Oberbalm",883,4,20,1,1,1,1,0,2
358,"Stettlen",3149,59,106,2,1,16,20,6,15
359,"Vechigen",5252,50,150,2,9,7,5,6,4
360,"Wohlen bei Bern",8987,107,219,10,24,61,41,0,60
361,"Zollikofen",10217,283,316,57,19,173,76,117,143
362,"Ittigen",11390,279,364,160,11,122,92,161,141
363,"Ostermundigen",16788,885,435,458,54,248,274,153,268
371,"Biel/Bienne",54163,3443,1114,1565,965,909,1067,457,888
372,"Evilard",2552,32,93,13,51,0,12,0,0
381,"Arch",1540,12,36,3,4,1,4,7,8
382,"Büetigen",833,2,22,3,3,0,9,1,0
383,"Büren an der Aare",3537,84,104,138,7,7,3,11,4
385,"Diessbach bei Büren",996,7,32,9,0,16,1,0,4
386,"Dotzigen",1455,14,37,20,6,0,1,3,9
387,"Lengnau (BE)",4956,120,133,57,24,80,25,83,71
388,"Leuzigen",1251,2,35,0,1,0,0,0,1
389,"Meienried",52,0,1,0,0,0,0,0,0
390,"Meinisberg",1328,22,44,3,3,6,3,1,5
391,"Oberwil bei Büren",830,3,16,3,0,0,1,0,1
392,"Pieterlen",4034,135,123,101,50,102,26,51,17
393,"Rüti bei Büren",840,13,26,2,4,0,0,1,1
394,"Wengi",609,5,27,9,1,0,0,0,0
401,"Aefligen",1067,9,23,9,3,1,1,0,11
402,"Alchenstorf",602,1,20,0,0,0,1,0,0
403,"Bäriswil",1023,15,21,6,0,2,1,0,0
404,"Burgdorf",16228,359,405,37,9,154,77,92,147
405,"Ersigen",1687,17,23,0,1,0,0,3,4
406,"Hasle bei Burgdorf",3353,11,71,0,3,1,3,4,5
407,"Heimiswil",1607,2,44,0,2,0,1,1,0
408,"Hellsau",201,2,2,3,0,0,0,0,0
409,"Hindelbank",2414,28,75,8,0,15,5,27,2
410,"Höchstetten",270,0,4,0,1,0,0,0,5
411,"Kernenried",527,0,8,0,1,5,1,1,0
412,"Kirchberg (BE)",5817,211,131,27,2,39,23,22,74
413,"Koppigen",2126,14,32,7,2,0,3,13,2
414,"Krauchthal",2335,12,47,1,5,5,8,1,1
415,"Lyssach",1422,18,26,4,1,9,0,0,4
416,"Mötschwil",137,0,5,0,0,0,0,0,0
417,"Niederösch",235,1,2,0,0,0,0,0,0
418,"Oberburg",2909,39,74,0,3,37,2,71,32
419,"Oberösch",104,0,1,0,0,0,0,0,0
420,"Rüdtligen-Alchenflüh",2435,76,61,22,1,68,3,50,52
421,"Rumendingen",84,0,0,0,0,0,0,0,0
422,"Rüti bei Lyssach",171,1,1,0,4,0,0,0,0
423,"Willadingen",203,0,0,0,0,0,0,0,0
424,"Wynigen",2011,3,36,5,0,0,1,0,0
431,"Corgémont",1677,50,6,23,65,9,15,5,9
432,"Cormoret",482,4,4,8,1,0,5,0,0
433,"Cortébert",710,26,4,9,16,3,6,0,1
434,"Courtelary",1360,38,10,30,37,12,14,8,3
435,"La Ferrière",544,9,0,6,9,0,4,0,0
437,"Mont-Tramelan",116,0,1,1,1,0,0,0,0
438,"Orvin",1195,12,11,8,46,7,5,0,0
441,"Renan (BE)",896,11,19,17,12,1,10,0,0
442,"Romont (BE)",195,9,4,2,5,0,0,0,1
443,"Saint-Imier",5101,248,15,435,189,67,89,24,23
444,"Sonceboz-Sombeval",1932,120,9,27,79,4,25,3,1
445,"Sonvilier",1257,36,3,26,32,0,3,0,0
446,"Tramelan",4417,89,7,274,76,5,45,9,5
448,"Villeret",927,16,3,28,26,2,14,0,1
449,"Sauge",810,7,13,18,15,5,5,0,3
450,"Péry-La Heutte",1919,58,19,49,33,0,31,0,0
491,"Brüttelen",568,4,13,54,1,0,0,2,0
492,"Erlach",1410,22,66,14,19,0,12,4,0
493,"Finsterhennen",533,3,10,65,0,12,0,0,0
494,"Gals",780,7,14,19,14,0,4,0,0
495,"Gampelen",864,12,9,52,6,11,2,0,1
496,"Ins",3444,24,94,173,23,54,18,8,6
497,"Lüscherz",528,1,27,10,3,0,1,0,0
498,"Müntschemier",1333,3,21,244,12,2,1,1,0
499,"Siselen",579,2,15,20,0,0,0,0,0
500,"Treiten",433,4,5,25,1,0,0,0,0
501,"Tschugg",447,10,28,1,2,1,2,0,0
502,"Vinelz",860,7,33,22,10,0,1,0,0
532,"Bangerten",161,0,5,0,2,0,0,0,0
533,"Bätterkinden",3186,16,69,9,1,10,9,3,3
535,"Deisswil bei Münchenbuchsee",85,0,0,0,0,0,0,0,0
536,"Diemerswil",204,0,6,0,0,0,0,0,0
538,"Fraubrunnen",4889,33,111,11,2,19,7,3,6
540,"Jegenstorf",5609,76,141,14,4,16,13,20,18
541,"Iffwil",423,0,5,4,0,0,0,0,0
543,"Mattstetten",561,3,3,1,1,0,1,2,0
544,"Moosseedorf",4012,71,90,41,10,110,24,13,52
546,"Münchenbuchsee",9947,231,201,33,13,146,61,51,126
551,"Urtenen-Schönbühl",6211,125,158,87,12,96,41,80,68
552,"Utzenstorf",4213,41,74,55,6,5,12,30,11
553,"Wiggiswil",98,0,3,0,0,0,0,0,0
554,"Wiler bei Utzenstorf",881,1,22,0,3,0,4,1,1
556,"Zielebach",325,5,6,0,0,0,1,0,0
557,"Zuzwil (BE)",570,1,8,4,1,0,0,0,0
561,"Adelboden",3437,10,67,52,3,0,1,2,1
562,"Aeschi bei Spiez",2217,2,54,15,0,7,2,4,0
563,"Frutigen",6857,15,143,53,4,41,3,7,1
564,"Kandergrund",784,3,13,8,1,14,4,0,0
565,"Kandersteg",1314,7,56,131,3,4,2,2,1
566,"Krattigen",1101,4,40,0,2,5,0,1,0
567,"Reichenbach im Kandertal",3549,5,72,17,1,8,0,2,0
571,"Beatenberg",1194,4,120,5,1,0,2,0,0
572,"Bönigen",2522,12,62,20,2,11,2,8,0
573,"Brienz (BE)",3101,20,117,41,3,17,11,14,5
574,"Brienzwiler",477,6,16,3,1,2,0,0,0
575,"Därligen",407,4,19,7,0,0,1,0,0
576,"Grindelwald",3740,32,168,322,6,5,19,0,0
577,"Gsteigwiler",399,2,20,0,1,0,1,0,0
578,"Gündlischwand",341,0,13,23,0,3,2,0,0
579,"Habkern",644,0,29,0,0,0,0,0,0
580,"Hofstetten bei Brienz",542,1,33,2,2,0,0,0,0
581,"Interlaken",5692,140,201,535,8,131,37,29,13
582,"Iseltwald",428,0,23,9,0,0,0,0,0
584,"Lauterbrunnen",2451,29,100,261,14,0,12,15,0
585,"Leissigen",1020,3,37,15,0,11,0,0,0
586,"Lütschental",219,0,1,6,0,0,3,0,0
587,"Matten bei Interlaken",3916,84,117,149,9,46,38,9,0
588,"Niederried bei Interlaken",347,4,12,2,0,1,1,0,0
589,"Oberried am Brienzersee",447,1,26,2,1,0,1,0,0
590,"Ringgenberg (BE)",2658,35,64,35,0,16,13,5,1
591,"Saxeten",97,0,1,0,0,0,0,0,0
592,"Schwanden bei Brienz",589,3,21,1,0,0,0,0,0
593,"Unterseen",5690,96,254,197,10,38,32,32,1
594,"Wilderswil",2614,21,89,47,5,27,8,2,0
602,"Arni (BE)",922,0,13,1,0,0,0,0,0
603,"Biglen",1745,18,36,6,3,12,1,0,1
605,"Bowil",1370,2,14,1,0,1,1,3,0
606,"Brenzikofen",519,1,7,0,0,0,0,0,0
607,"Freimettigen",469,0,10,1,1,0,1,0,0
608,"Grosshöchstetten",3516,60,91,11,3,16,7,9,1
609,"Häutligen",249,0,2,0,0,0,0,0,0
610,"Herbligen",600,1,15,2,0,0,0,0,0
611,"Kiesen",924,3,18,2,0,0,0,0,0
612,"Konolfingen",5225,75,98,25,5,51,5,12,6
613,"Landiswil",625,0,8,0,0,0,1,0,0
614,"Linden",1277,1,30,0,10,3,0,0,0
615,"Mirchel",626,6,8,1,0,0,0,0,1
616,"Münsingen",11813,205,251,37,11,75,47,35,18
617,"Niederhünigen",606,2,5,0,2,0,0,0,0
619,"Oberdiessbach",3522,14,77,5,4,5,9,20,2
620,"Oberthal",739,0,8,0,0,0,0,0,0
622,"Oppligen",658,1,8,1,1,8,0,0,0
623,"Rubigen",2920,35,55,3,1,3,4,5,0
624,"Schlosswil",630,4,8,0,0,0,1,4,0
625,"Tägertschi",386,0,5,5,0,0,1,0,0
626,"Walkringen",1772,10,42,1,0,7,2,0,1
627,"Worb",11449,211,351,57,19,129,51,111,84
628,"Zäziwil",1642,15,30,5,0,0,3,8,7
629,"Oberhünigen",317,1,7,0,0,0,0,0,0
630,"Allmendingen",545,3,19,2,0,0,0,4,0
632,"Wichtrach",4115,48,75,24,1,6,8,11,6
661,"Clavaleyres",49,0,0,0,0,0,0,0,0
662,"Ferenbalm",1234,10,26,7,0,23,2,0,0
663,"Frauenkappelen",1207,17,33,6,2,4,5,0,6
664,"Golaten",314,1,1,24,1,0,0,0,0
665,"Gurbrü",246,1,3,2,1,4,0,0,0
666,"Kriechenwil",422,5,7,2,1,0,0,1,0
667,"Laupen",3079,43,129,13,6,34,5,16,8
668,"Mühleberg",2854,18,97,21,0,3,7,3,3
669,"Münchenwiler",480,6,7,0,2,3,1,1,1
670,"Neuenegg",5194,110,125,49,5,19,24,4,16
671,"Wileroltigen",384,3,12,8,1,4,1,5,0
681,"Belprahon",308,2,0,5,6,0,0,0,0
683,"Champoz",161,0,0,0,0,0,0,0,0
687,"Corcelles (BE)",211,1,0,0,6,0,1,0,0
690,"Court",1418,27,2,37,33,1,10,1,0
691,"Crémines",529,11,1,4,12,0,4,0,0
692,"Eschert",375,19,0,11,11,0,0,0,0
694,"Grandval",388,6,0,8,5,0,0,0,0
696,"Loveresse",322,4,1,0,4,0,1,1,0
700,"Moutier",7615,391,14,651,184,95,181,30,47
701,"Perrefitte",434,16,1,25,13,0,6,1,0
703,"Reconvilier",2334,102,7,85,59,2,65,8,11
704,"Roches (BE)",214,6,1,11,3,0,0,0,0
706,"Saicourt",607,5,2,6,9,0,2,0,0
707,"Saules (BE)",159,0,0,2,0,0,0,0,0
708,"Schelten",38,0,1,0,0,0,0,0,0
709,"Seehof",68,0,0,0,0,0,0,0,0
711,"Sorvilier",280,8,0,8,10,0,1,0,0
713,"Tavannes",3612,201,5,201,83,9,86,7,36
715,"Rebévelier",43,0,0,0,0,0,0,0,0
716,"Petit-Val",411,1,3,0,15,0,5,0,0
717,"Valbirse",4009,224,6,226,74,22,105,19,9
723,"La Neuveville",3693,145,20,156,126,17,70,1,3
724,"Nods",746,5,3,9,14,0,0,0,0
726,"Plateau de Diesse",2030,17,15,49,39,0,11,1,0
731,"Aegerten",1874,44,24,32,8,42,9,16,2
732,"Bellmund",1623,28,35,1,7,0,8,2,4
733,"Brügg",4298,133,63,64,17,54,25,33,20
734,"Bühl",423,3,5,0,0,0,1,0,0
735,"Epsach",328,0,7,4,0,0,0,0,0
736,"Hagneck",410,2,10,0,0,4,0,0,0
737,"Hermrigen",303,1,11,10,0,0,0,0,0
738,"Jens",674,1,6,0,0,0,11,0,0
739,"Ipsach",3972,52,89,16,32,28,18,3,9
740,"Ligerz",547,11,16,0,3,0,0,0,0
741,"Merzligen",401,1,7,0,2,0,0,0,0
742,"Mörigen",843,4,24,0,1,0,4,0,0
743,"Nidau",6955,204,168,101,48,134,64,43,136
744,"Orpund",2675,87,77,35,11,27,16,4,18
745,"Port",3486,100,70,31,14,12,19,8,11
746,"Safnern",1951,40,47,2,4,0,7,1,1
747,"Scheuren",449,3,5,1,0,0,0,0,0
748,"Schwadernau",657,7,10,1,2,1,0,2,4
749,"Studen (BE)",3107,72,79,43,13,41,26,11,44
750,"Sutz-Lattrigen",1400,15,21,5,0,13,9,1,0
751,"Täuffelen",2753,33,64,8,11,11,10,1,2
754,"Walperswil",999,6,18,3,8,6,2,1,0
755,"Worben",2274,26,44,28,0,13,22,7,18
756,"Twann-Tüscherz",1160,9,39,14,20,7,8,1,0
761,"Därstetten",845,0,21,2,0,0,0,0,0
762,"Diemtigen",2162,2,47,1,0,0,2,10,0
763,"Erlenbach im Simmental",1704,6,35,8,0,6,2,0,0
766,"Oberwil im Simmental",820,0,18,0,0,0,1,0,0
767,"Reutigen",990,4,10,4,0,14,0,0,0
768,"Spiez",12477,92,377,107,12,47,21,48,5
769,"Wimmis",2418,9,61,16,1,12,2,15,4
770,"Stocken-Höfen",986,1,25,1,1,0,0,0,3
782,"Guttannen",291,0,9,1,0,0,1,0,0
783,"Hasliberg",1180,3,61,13,6,0,1,0,1
784,"Innertkirchen",1047,3,47,15,0,0,4,0,0
785,"Meiringen",4737,46,144,253,14,12,91,11,5
786,"Schattenhalb",578,6,17,22,0,0,9,0,1
791,"Boltigen",1288,4,15,2,1,0,0,1,0
792,"Lenk",2388,6,99,103,2,2,5,8,0
793,"St. Stephan",1340,8,40,32,0,5,2,0,0
794,"Zweisimmen",2987,11,138,47,5,36,9,2,0
841,"Gsteig",976,9,45,22,13,4,18,3,0
842,"Lauenen",836,2,28,7,7,0,3,0,0
843,"Saanen",6871,154,282,570,123,25,84,72,2
852,"Guggisberg",1550,3,13,3,1,0,0,1,0
853,"Rüschegg",1607,2,39,1,0,0,1,0,0
855,"Schwarzenburg",6857,31,167,6,10,18,3,5,1
861,"Belp",11548,161,297,52,19,113,66,44,42
863,"Burgistein",1063,2,11,0,0,1,0,0,5
865,"Gelterfingen",269,1,8,0,1,0,0,0,0
866,"Gerzensee",1163,2,31,6,2,0,0,7,1
867,"Gurzelen",855,2,8,0,0,0,0,0,0
868,"Jaberg",252,3,5,0,0,0,0,0,0
869,"Kaufdorf",1061,2,42,1,1,10,4,1,1
870,"Kehrsatz",4226,68,144,33,8,62,19,71,43
872,"Kirchdorf (BE)",956,3,25,2,0,0,0,0,0
873,"Kirchenthurnen",279,0,6,0,0,0,0,0,0
874,"Lohnstorf",235,1,4,2,0,0,0,2,0
875,"Mühledorf (BE)",245,0,4,0,0,0,0,0,0
876,"Mühlethurnen",1395,2,27,0,1,1,1,3,0
877,"Niedermuhlern",463,1,14,1,0,0,0,0,4
878,"Noflen",304,1,6,0,0,0,0,0,0
879,"Riggisberg",2452,11,45,3,0,0,3,2,2
880,"Rüeggisberg",1819,1,26,0,0,6,2,0,0
881,"Rümligen",436,0,10,0,0,0,1,0,0
883,"Seftigen",2211,10,38,13,1,18,6,2,3
884,"Toffen",2527,15,71,2,1,7,13,7,5
885,"Uttigen",1940,2,28,0,2,4,3,0,0
886,"Wattenwil",2865,7,60,2,2,0,2,0,2
888,"Wald (BE)",1181,1,31,1,2,0,0,2,0
901,"Eggiwil",2442,2,18,1,0,1,3,0,0
902,"Langnau im Emmental",9154,46,111,11,5,85,6,16,18
903,"Lauperswil",2663,8,28,7,3,3,0,0,1
904,"Röthenbach im Emmental",1206,3,10,0,0,0,0,0,0
905,"Rüderswil",2335,3,21,0,0,4,0,1,0
906,"Schangnau",905,0,12,0,0,0,0,6,0
907,"Signau",2697,1,30,3,2,36,2,13,0
908,"Trub",1347,1,12,0,0,0,0,0,0
909,"Trubschachen",1425,2,17,0,1,5,1,5,0
921,"Amsoldingen",809,2,7,0,0,10,0,0,0
922,"Blumenstein",1222,1,31,0,0,0,4,0,0
923,"Buchholterberg",1546,0,32,1,0,0,0,0,0
924,"Eriz",487,0,7,0,7,0,0,0,0
925,"Fahrni",792,0,3,0,4,1,0,2,0
927,"Heiligenschwendi",709,2,33,16,0,0,4,3,0
928,"Heimberg",6667,66,173,80,2,93,12,7,22
929,"Hilterfingen",4056,13,137,10,2,13,9,7,4
931,"Homberg",500,1,3,0,0,0,1,0,0
932,"Horrenbach-Buchen",242,0,1,1,0,0,0,0,0
934,"Oberhofen am Thunersee",2420,13,101,5,9,3,8,8,0
935,"Oberlangenegg",474,0,3,0,0,0,0,0,0
936,"Pohlern",252,0,3,4,0,0,0,0,0
937,"Schwendibach",240,0,3,0,0,0,0,0,0
938,"Sigriswil",4727,16,233,86,11,0,7,6,1
939,"Steffisburg",15689,211,273,253,20,133,62,43,17
940,"Teuffenthal (BE)",161,1,0,0,0,0,0,0,0
941,"Thierachern",2414,4,34,6,1,0,2,0,2
942,"Thun",43500,663,1127,492,53,609,180,187,155
943,"Uebeschi",673,0,7,0,0,0,0,0,0
944,"Uetendorf",5998,36,79,73,1,52,15,17,1
945,"Unterlangenegg",934,1,5,0,0,0,1,1,0
946,"Wachseldorn",235,1,5,0,0,0,0,0,0
947,"Zwieselberg",306,1,3,1,0,0,0,0,0
948,"Forst-Längenbühl",776,0,14,4,0,0,0,0,0
951,"Affoltern im Emmental",1159,1,25,0,2,0,1,0,0
952,"Dürrenroth",1067,1,15,1,0,0,0,0,0
953,"Eriswil",1362,1,18,2,0,0,0,7,0
954,"Huttwil",4741,28,89,56,1,56,8,19,7
955,"Lützelflüh",4080,22,97,2,2,12,4,0,11
956,"Rüegsau",3201,13,43,4,1,0,0,5,6
957,"Sumiswald",4999,18,50,1,0,60,6,10,5
958,"Trachselwald",977,0,23,0,0,0,0,0,0
959,"Walterswil (BE)",524,0,4,0,0,0,0,0,0
960,"Wyssachen",1169,3,28,4,1,1,2,0,0
971,"Attiswil",1407,18,34,10,1,7,1,2,0
972,"Berken",40,0,0,0,0,0,0,0,0
973,"Bettenhausen",660,8,13,0,0,0,0,0,0
975,"Farnern",205,0,6,0,0,0,0,0,1
976,"Graben",337,2,6,0,0,0,1,0,1
977,"Heimenhausen",1105,8,46,5,1,0,4,0,2
978,"Hermiswil",96,1,1,0,0,0,0,0,0
979,"Herzogenbuchsee",6994,213,139,49,7,189,16,49,102
980,"Inkwil",624,7,15,0,0,2,0,0,0
981,"Niederbipp",4524,93,206,154,7,47,33,95,61
982,"Niederönz",1641,32,42,6,0,1,7,1,17
983,"Oberbipp",1661,29,84,12,2,19,4,10,15
985,"Ochlenberg",573,0,7,0,0,0,0,0,0
987,"Rumisberg",470,0,12,0,1,0,0,1,0
988,"Seeberg",1408,9,22,1,3,0,0,0,2
989,"Thörigen",1090,8,40,0,0,10,0,1,1
990,"Walliswil bei Niederbipp",224,1,18,0,0,0,0,0,0
991,"Walliswil bei Wangen",578,0,9,0,0,0,1,1,0
992,"Wangen an der Aare",2274,39,75,2,1,29,6,25,7
993,"Wangenried",431,3,7,0,0,0,0,0,1
995,"Wiedlisbach",2270,23,101,7,2,24,3,39,10
996,"Wolfisberg",187,1,2,2,0,0,0,0,0
1001,"Doppleschwand",750,0,13,0,0,16,1,1,0
1002,"Entlebuch",3349,9,44,23,0,16,9,7,8
1004,"Flühli",1882,0,37,28,7,0,2,1,0
1005,"Hasle (LU)",1748,6,21,1,2,1,5,0,0
1007,"Romoos",676,2,11,0,0,0,0,0,0
1008,"Schüpfheim",4154,7,85,7,1,29,1,24,5
1009,"Werthenstein",2044,21,27,20,1,37,6,24,13
1010,"Escholzmatt-Marbach",4326,3,52,12,2,39,0,10,2
1021,"Aesch (LU)",1088,3,57,2,1,8,0,7,1
1022,"Altwis",416,1,11,0,0,0,1,1,0
1023,"Ballwil",2748,13,74,21,0,11,2,3,0
1024,"Emmen",29723,1367,792,1359,39,1302,379,1047,177
1025,"Ermensee",892,21,35,5,3,20,0,4,1
1026,"Eschenbach (LU)",3658,47,124,46,6,52,11,5,0
1030,"Hitzkirch",5152,53,158,22,7,123,11,17,24
1031,"Hochdorf",9725,296,287,264,6,367,54,157,79
1032,"Hohenrain",2539,8,71,14,3,25,1,2,0
1033,"Inwil",2427,28,72,8,5,31,12,11,7
1037,"Rain",2541,21,37,20,1,13,7,1,2
1039,"Römerswil",1706,10,50,10,2,10,2,0,0
1040,"Rothenburg",7337,101,132,65,2,59,31,48,13
1041,"Schongau",1012,2,43,0,0,0,0,3,0
1051,"Adligenswil",5348,21,197,25,15,16,22,7,2
1052,"Buchrain",6132,126,209,51,10,124,14,125,34
1053,"Dierikon",1438,38,54,13,3,27,14,12,6
1054,"Ebikon",13106,361,471,229,10,258,49,205,171
1055,"Gisikon",1189,20,62,31,2,12,6,15,4
1056,"Greppen",1036,20,63,11,1,2,3,4,6
1057,"Honau",380,5,6,1,0,2,0,0,0
1058,"Horw",13788,205,596,159,31,186,61,77,24
1059,"Kriens",27046,637,909,351,44,326,192,307,137
1061,"Luzern",81295,2266,3923,1691,197,831,763,1192,373
1062,"Malters",6988,54,234,49,11,90,19,31,11
1063,"Meggen",6853,74,409,49,14,12,16,5,4
1064,"Meierskappel",1352,9,64,17,2,21,0,1,1
1065,"Root",4718,103,153,123,3,139,39,78,51
1066,"Schwarzenberg",1704,10,59,1,0,1,1,2,0
1067,"Udligenswil",2278,11,111,7,6,4,7,5,0
1068,"Vitznau",1320,10,118,96,4,0,5,5,0
1069,"Weggis",4330,26,358,152,8,21,26,15,1
1081,"Beromünster",6445,78,189,69,3,187,7,36,13
1082,"Büron",2367,38,78,77,2,152,9,79,22
1083,"Buttisholz",3254,74,73,80,1,43,15,17,1
1084,"Eich",1684,12,59,5,1,2,2,0,1
1085,"Geuensee",2843,52,78,48,3,133,13,97,56
1086,"Grosswangen",3120,24,67,30,1,141,7,18,4
1088,"Hildisrieden",2138,10,81,6,0,8,3,2,3
1089,"Knutwil",2141,16,70,22,0,22,2,17,0
1091,"Mauensee",1326,14,42,2,0,20,3,1,6
1093,"Neuenkirch",6646,50,166,42,5,93,15,77,1
1094,"Nottwil",3613,20,139,57,1,43,4,11,7
1095,"Oberkirch",4316,59,121,51,1,67,5,37,10
1097,"Rickenbach (LU)",3194,44,125,93,3,68,9,54,19
1098,"Ruswil",6842,51,116,56,2,49,7,14,4
1099,"Schenkon",2747,7,56,12,0,8,6,0,0
1100,"Schlierbach",819,4,33,1,1,11,1,0,0
1102,"Sempach",4159,26,103,24,3,52,18,4,0
1103,"Sursee",9490,163,287,177,7,276,30,129,42
1104,"Triengen",4511,79,150,170,2,329,7,149,45
1107,"Wolhusen",4319,9,161,64,8,143,11,69,22
1121,"Alberswil",656,3,17,5,0,15,2,8,12
1122,"Altbüron",986,1,38,5,3,6,0,1,1
1123,"Altishofen",1555,6,21,89,3,30,6,25,9
1125,"Dagmersellen",5234,114,147,176,4,139,15,62,10
1126,"Ebersecken",401,1,6,5,0,0,0,0,0
1127,"Egolzwil",1420,11,28,16,0,21,2,8,2
1128,"Ettiswil",2649,5,72,12,0,64,2,23,1
1129,"Fischbach",726,5,15,4,0,7,1,5,0
1130,"Gettnau",1140,9,48,36,0,85,3,3,1
1131,"Grossdietwil",831,2,18,2,0,17,0,0,0
1132,"Hergiswil bei Willisau",1887,3,55,15,0,4,5,4,4
1135,"Luthern",1289,1,29,19,0,1,0,0,0
1136,"Menznau",2884,9,68,33,1,50,2,14,2
1137,"Nebikon",2565,61,66,199,0,89,4,47,29
1139,"Pfaffnau",2529,11,125,46,0,40,3,16,4
1140,"Reiden",6976,167,224,231,10,302,42,106,24
1142,"Roggliswil",661,0,22,5,0,0,1,0,0
1143,"Schötz",4185,24,111,176,3,175,7,35,13
1145,"Ufhusen",892,1,22,1,1,0,0,0,0
1146,"Wauwil",1978,48,51,34,0,108,5,115,13
1147,"Wikon",1477,33,39,51,0,17,5,16,7
1150,"Zell (LU)",1997,7,23,28,0,54,0,3,2
1151,"Willisau",7676,46,170,73,1,125,6,54,18
1201,"Altdorf (UR)",9203,187,237,146,3,21,15,113,110
1202,"Andermatt",1387,29,55,80,0,0,8,3,0
1203,"Attinghausen",1623,6,25,38,1,4,0,0,2
1204,"Bauen",158,1,7,0,0,0,1,0,0
1205,"Bürglen (UR)",3994,8,79,16,4,2,2,21,11
1206,"Erstfeld",3774,68,84,227,2,26,8,73,27
1207,"Flüelen",1972,25,44,44,0,35,8,3,1
1208,"Göschenen",438,3,14,30,0,0,0,0,0
1209,"Gurtnellen",577,2,14,29,0,0,0,0,0
1210,"Hospental",202,14,10,6,0,0,0,0,0
1211,"Isenthal",512,0,6,0,0,0,0,0,0
1212,"Realp",141,2,4,1,0,0,1,0,0
1213,"Schattdorf",5041,37,85,84,1,24,3,24,20
1214,"Seedorf (UR)",1807,13,26,18,0,0,2,1,0
1215,"Seelisberg",688,11,53,2,5,0,0,0,0
1216,"Silenen",2108,3,53,32,1,0,2,6,0
1217,"Sisikon",378,4,25,2,0,1,0,1,0
1218,"Spiringen",846,0,6,0,0,0,0,0,0
1219,"Unterschächen",696,1,3,3,0,0,0,0,0
1220,"Wassen",428,1,10,41,0,0,0,1,0
1301,"Einsiedeln",15077,166,605,94,32,183,39,176,14
1311,"Gersau",2240,28,203,15,4,9,15,19,8
1321,"Feusisberg",5146,65,533,41,30,12,28,28,45
1322,"Freienbach",16037,434,1070,151,119,295,98,188,92
1323,"Wollerau",7048,150,474,29,53,49,27,37,12
1331,"Küssnacht (SZ)",12423,282,642,390,20,249,50,76,15
1341,"Altendorf",6744,134,410,80,24,34,35,57,27
1342,"Galgenen",5141,118,266,50,5,83,21,69,40
1343,"Innerthal",193,0,5,0,0,0,0,0,0
1344,"Lachen",8480,393,592,84,29,247,26,145,71
1345,"Reichenburg",3418,62,148,35,3,108,11,77,38
1346,"Schübelbach",9016,325,369,141,7,371,33,370,163
1347,"Tuggen",3214,68,127,23,2,54,8,21,21
1348,"Vorderthal",1014,10,43,10,2,4,0,0,0
1349,"Wangen (SZ)",4884,119,169,54,8,49,5,54,21
1361,"Alpthal",597,0,32,0,0,0,0,1,0
1362,"Arth",11597,273,560,118,18,682,28,225,80
1363,"Illgau",792,0,6,1,1,0,0,0,0
1364,"Ingenbohl",8695,279,357,48,2,125,15,129,39
1365,"Lauerz",1096,4,47,7,0,4,0,0,0
1366,"Morschach",1124,13,101,12,1,4,2,1,5
1367,"Muotathal",3499,4,48,0,4,51,1,2,0
1368,"Oberiberg",878,0,44,1,3,0,5,0,3
1369,"Riemenstalden",89,0,4,0,0,0,0,0,0
1370,"Rothenthurm",2302,19,73,14,0,25,6,23,21
1371,"Sattel",1931,6,125,18,0,3,0,7,1
1372,"Schwyz",14856,294,430,196,8,213,47,305,94
1373,"Steinen",3312,34,81,17,2,15,8,5,3
1374,"Steinerberg",920,6,22,3,4,4,1,3,4
1375,"Unteriberg",2330,2,93,6,7,0,1,0,0
1401,"Alpnach",5908,63,187,192,8,53,12,35,30
1402,"Engelberg",4097,28,259,194,13,21,29,2,3
1403,"Giswil",3586,9,103,133,0,34,7,7,4
1404,"Kerns",6048,23,191,67,3,34,5,35,16
1405,"Lungern",2142,9,81,31,4,2,6,15,1
1406,"Sachseln",5066,50,212,127,10,31,4,24,5
1407,"Sarnen",10229,143,310,289,7,110,24,40,52
1501,"Beckenried",3544,27,182,44,5,3,6,14,6
1502,"Buochs",5433,48,193,56,3,60,19,43,31
1503,"Dallenwil",1797,12,57,18,1,21,1,7,0
1504,"Emmetten",1380,24,135,24,5,0,3,0,2
1505,"Ennetbürgen",4600,71,225,57,19,22,10,19,0
1506,"Ennetmoos",2100,30,76,7,6,2,2,0,16
1507,"Hergiswil (NW)",5645,142,346,102,24,47,23,17,20
1508,"Oberdorf (NW)",3100,12,60,50,5,14,6,5,0
1509,"Stans",8277,150,219,105,9,51,18,30,10
1510,"Stansstad",4396,99,234,73,2,21,7,9,25
1511,"Wolfenschiessen",2148,6,58,44,0,52,1,15,1
1630,"Glarus Nord",17797,823,552,604,7,374,61,244,237
1631,"Glarus Süd",9661,225,420,205,18,73,54,58,71
1632,"Glarus",12570,752,359,479,3,367,105,264,216
1701,"Baar",23561,819,1027,648,137,292,202,222,376
1702,"Cham",15954,366,886,182,70,197,146,168,207
1703,"Hünenberg",8848,106,429,53,48,36,38,28,39
1704,"Menzingen",4439,81,213,57,22,71,17,46,30
1705,"Neuheim",2154,32,95,33,22,10,10,24,6
1706,"Oberägeri",5940,39,524,61,39,41,29,16,6
1707,"Risch",10272,301,496,272,51,208,60,131,88
1708,"Steinhausen",9543,315,414,149,62,82,80,170,56
1709,"Unterägeri",8583,116,462,139,47,96,49,161,10
1710,"Walchwil",3584,34,337,36,46,29,17,10,5
1711,"Zug",29256,869,1824,406,323,296,383,245,231
2004,"Bussy (FR)",483,2,3,32,16,3,0,0,0
2005,"Châbles",769,11,9,11,43,0,2,0,0
2008,"Châtillon (FR)",447,6,1,0,10,0,1,0,0
2009,"Cheiry",379,4,1,12,6,0,3,0,0
2010,"Cheyres",1411,11,7,49,59,1,8,0,0
2011,"Cugy (FR)",1633,29,3,110,45,13,5,1,0
2013,"Domdidier",3064,26,5,369,62,79,24,34,9
2014,"Dompierre (FR)",1022,9,6,158,28,17,6,33,0
2015,"Estavayer-le-Lac",6208,93,23,678,206,236,111,54,8
2016,"Fétigny",962,18,0,59,16,1,8,0,0
2022,"Gletterens",1004,8,5,43,30,8,4,4,0
2024,"Léchelles",804,7,1,65,34,0,6,2,0
2025,"Lully (FR)",1124,17,3,52,31,30,17,0,0
2027,"Ménières",414,9,1,20,12,0,3,4,4
2029,"Montagny (FR)",2354,19,8,118,58,16,13,0,1
2033,"Morens (FR)",154,0,0,15,0,1,1,0,0
2034,"Murist",621,3,2,16,12,0,2,0,1
2035,"Nuvilly",408,4,0,11,10,1,4,0,0
2038,"Prévondavaux",65,1,0,10,0,0,0,0,0
2039,"Rueyres-les-Prés",432,8,0,21,8,17,5,0,0
2040,"Russy",216,0,1,0,5,0,0,0,0
2041,"Saint-Aubin (FR)",1659,11,8,176,51,24,15,25,0
2043,"Sévaz",270,5,0,35,5,9,4,1,0
2044,"Surpierre",330,4,0,9,5,0,4,0,0
2045,"Vallon",404,4,0,29,7,1,1,0,0
2047,"Villeneuve (FR)",374,5,0,44,5,0,2,0,1
2049,"Vuissens",245,3,1,7,16,0,3,0,0
2050,"Les Montets",1405,35,5,70,51,0,5,1,1
2051,"Delley-Portalban",1066,15,7,32,46,3,3,0,0
2052,"Vernay",1119,7,4,22,47,3,3,0,0
2061,"Auboranges",272,8,1,2,11,0,1,0,0
2063,"Billens-Hennens",687,0,0,48,6,0,6,4,0
2066,"Chapelle (Glâne)",259,1,0,3,20,0,0,0,0
2067,"Le Châtelard",377,0,0,4,0,0,2,0,0
2068,"Châtonnaye",786,3,0,36,15,3,3,1,0
2072,"Ecublens (FR)",332,4,2,1,5,0,6,0,0
2079,"Grangettes",191,1,0,2,7,0,1,0,0
2086,"Massonnens",516,4,1,42,13,0,0,0,0
2087,"Mézières (FR)",995,9,0,86,15,7,2,0,0
2089,"Montet (Glâne)",392,6,0,13,16,0,5,0,0
2096,"Romont (FR)",5193,53,13,1193,133,119,43,98,53
2097,"Rue",1473,27,9,56,57,2,8,2,0
2099,"Siviriez",2243,6,5,197,36,15,7,2,7
2102,"Ursy",2936,26,7,186,80,41,14,1,0
2111,"Villaz-Saint-Pierre",1231,10,3,108,12,2,11,2,1
2113,"Vuisternens-devant-Romont",2251,3,3,85,58,1,8,0,0
2114,"Villorsonnens",1304,7,5,35,21,0,0,0,0
2115,"Torny",885,3,2,32,20,10,2,1,1
2116,"La Folliaz",955,1,1,20,25,0,4,0,2
2121,"Haut-Intyamon",1523,16,13,74,74,20,19,2,0
2122,"Pont-en-Ogoz",1775,8,5,51,63,5,8,4,0
2123,"Botterens",546,1,2,23,28,0,4,0,0
2124,"Broc",2506,28,5,450,78,78,46,5,2
2125,"Bulle",21991,380,151,3803,1061,680,316,211,168
2128,"Châtel-sur-Montsalvens",274,1,13,17,25,0,1,0,1
2129,"Corbières",839,6,0,13,58,2,5,0,0
2130,"Crésuz",331,0,17,8,17,0,0,0,0
2131,"Echarlens",814,10,2,40,27,1,7,4,0
2134,"Grandvillard",795,3,2,22,46,0,3,0,3
2135,"Gruyères",2153,24,17,162,96,7,29,11,0
2137,"Hauteville",643,2,2,24,17,0,4,0,0
2138,"Jaun",662,0,8,0,5,0,1,0,0
2140,"Marsens",1809,7,11,100,93,8,10,0,2
2143,"Morlon",592,3,7,17,13,0,0,9,7
2145,"Le Pâquier (FR)",1142,4,12,67,45,5,6,1,5
2147,"Pont-la-Ville",590,6,0,15,30,0,1,0,0
2148,"Riaz",2376,21,17,149,100,18,20,5,1
2149,"La Roche",1613,13,12,132,65,1,5,0,0
2152,"Sâles",1447,7,6,50,35,13,0,0,0
2153,"Sorens",1098,7,6,58,26,5,10,0,0
2155,"Vaulruz",1032,3,3,64,26,12,4,0,0
2160,"Vuadens",2282,30,7,163,61,22,15,1,1
2162,"Bas-Intyamon",1291,18,10,61,62,20,17,1,1
2163,"Val-de-Charmey",2416,7,26,105,136,4,21,0,4
2171,"Arconciel",864,2,3,34,34,0,8,0,0
2172,"Autafond",71,0,0,0,0,0,0,0,0
2173,"Autigny",803,13,0,33,21,5,9,0,0
2174,"Avry",1874,33,5,124,58,11,7,1,2
2175,"Belfaux",3217,61,14,377,107,22,34,22,12
2177,"Chénens",854,13,0,74,24,16,7,1,1
2179,"Chésopelloz",123,2,0,2,3,0,0,0,0
2183,"Corminboeuf",2332,30,7,68,50,1,13,0,5
2184,"Corpataux-Magnedens",1313,15,3,73,40,2,7,1,1
2185,"Corserey",418,8,0,13,10,2,4,0,1
2186,"Cottens (FR)",1490,24,5,79,68,21,16,8,0
2189,"Ependes (FR)",1112,23,0,59,34,3,4,0,1
2192,"Farvagny",2236,24,5,155,75,6,5,1,2
2194,"Ferpicloz",285,8,10,12,0,0,0,0,0
2196,"Fribourg",38489,1005,652,4165,1417,722,641,171,782
2197,"Givisiez",3125,102,30,520,84,20,37,9,60
2198,"Granges-Paccot",3358,110,23,435,79,44,44,12,44
2200,"Grolley",1900,49,12,175,56,29,12,3,5
2206,"Marly",8083,148,78,849,144,128,72,37,123
2208,"Matran",1539,51,7,94,29,13,14,8,6
2211,"Neyruz (FR)",2572,32,9,132,93,27,18,4,5
2213,"Noréaz",623,2,0,18,9,0,4,1,0
2216,"Pierrafortscha",139,0,0,5,0,0,0,0,0
2217,"Ponthaux",686,9,1,15,5,0,1,0,0
2220,"Le Mouret",3073,23,22,184,60,2,25,1,3
2221,"Prez-vers-Noréaz",1002,27,2,57,34,0,14,0,0
2222,"Rossens (FR)",1335,14,0,60,31,1,6,1,0
2223,"Le Glèbe",1260,7,4,47,25,7,1,3,0
2225,"Senèdes",156,0,2,5,3,0,5,0,0
2226,"Treyvaux",1442,7,1,98,32,2,3,0,1
2228,"Villars-sur-Glâne",12142,224,111,1391,393,218,162,88,208
2230,"Villarsel-sur-Marly",86,1,0,11,4,0,0,0,0
2231,"Vuisternens-en-Ogoz",995,7,4,163,39,2,5,10,1
2233,"Hauterive (FR)",2415,37,10,101,63,18,23,9,1
2234,"La Brillaz",1898,27,3,48,45,10,10,5,1
2235,"La Sonnaz",1078,11,4,39,40,2,6,1,1
2243,"Barberêche",527,10,4,23,19,0,1,0,0
2250,"Courgevaux",1428,49,23,128,22,44,17,10,3
2251,"Courlevon",293,2,3,12,4,0,0,0,0
2254,"Courtepin",3681,76,35,1093,76,73,62,42,23
2257,"Cressier (FR)",932,17,21,102,23,19,11,1,4
2258,"Fräschels",460,2,4,12,0,0,2,0,0
2259,"Galmiz",645,9,9,62,5,3,1,0,0
2260,"Gempenach",307,1,5,5,1,0,0,0,0
2261,"Greng",177,0,7,1,2,2,0,0,0
2262,"Gurmels",4142,31,93,52,18,54,9,20,0
2264,"Jeuss",415,0,7,5,0,0,0,8,0
2265,"Kerzers",4848,51,103,437,14,131,32,32,13
2266,"Kleinbösingen",602,7,8,2,3,0,1,0,0
2270,"Lurtigen",181,0,0,0,0,0,0,0,0
2271,"Meyriez",592,7,17,4,0,0,1,2,0
2272,"Misery-Courtion",1835,49,3,166,66,15,18,2,0
2274,"Muntelier",955,4,29,12,4,2,3,0,0
2275,"Murten",6638,101,231,319,56,109,52,48,35
2276,"Ried bei Kerzers",1095,7,10,67,0,14,2,4,0
2277,"Salvenach",593,0,15,19,6,13,0,1,2
2278,"Ulmiz",414,2,11,1,0,0,0,0,0
2279,"Villarepos",611,5,7,22,12,0,2,0,0
2280,"Bas-Vully",2120,18,28,198,59,6,21,2,0
2281,"Haut-Vully",1375,6,34,68,32,0,2,1,1
2283,"Wallenried",447,1,8,17,11,0,0,3,1
2291,"Alterswil",2047,3,33,4,5,38,1,5,0
2292,"Brünisried",659,0,9,4,0,0,0,0,0
2293,"Düdingen",7794,49,208,75,26,147,10,126,16
2294,"Giffers",1535,3,20,29,14,9,0,1,2
2295,"Bösingen",3381,94,52,29,4,32,8,9,2
2296,"Heitenried",1373,1,15,1,1,0,0,1,0
2298,"Oberschrot",1185,5,11,9,1,5,3,1,0
2299,"Plaffeien",1982,8,34,31,10,13,0,15,0
2300,"Plasselb",1021,1,24,18,10,8,1,3,0
2301,"Rechthalten",1073,1,7,0,0,0,4,0,0
2302,"St. Antoni",2014,5,39,11,3,7,4,6,0
2303,"St. Silvester",963,2,14,9,4,0,4,0,0
2304,"St. Ursen",1305,7,25,9,6,0,6,1,4
2305,"Schmitten (FR)",4040,30,79,12,15,76,5,51,12
2306,"Tafers",3286,21,80,50,24,80,8,44,7
2307,"Tentlingen",1329,8,23,41,8,11,5,4,0
2308,"Ueberstorf",2357,6,40,3,0,0,3,0,0
2309,"Wünnewil-Flamatt",5455,78,125,89,14,217,19,67,15
2310,"Zumholz",397,0,4,0,2,0,0,0,0
2321,"Attalens",3295,55,13,124,144,0,28,9,0
2323,"Bossonnens",1494,34,6,102,63,4,18,12,0
2325,"Châtel-Saint-Denis",6455,114,42,779,362,53,65,47,11
2328,"Granges (Veveyse)",834,7,6,38,32,1,1,0,0
2333,"Remaufens",1044,16,5,67,41,12,3,1,0
2335,"Saint-Martin (FR)",1034,4,2,17,58,15,2,2,0
2336,"Semsales",1414,13,2,76,60,6,4,0,0
2337,"Le Flon",1175,14,0,15,39,2,8,0,0
2338,"La Verrerie",1155,14,2,55,32,10,9,0,1
2401,"Egerkingen",3447,92,155,18,2,227,8,33,100
2402,"Härkingen",1533,30,69,10,2,30,4,6,11
2403,"Kestenholz",1770,15,29,2,1,0,2,22,6
2404,"Neuendorf",2056,11,60,11,0,19,3,10,3
2405,"Niederbuchsiten",1122,32,38,6,0,14,4,6,8
2406,"Oberbuchsiten",2186,66,104,29,0,86,7,48,47
2407,"Oensingen",6203,152,235,73,13,318,11,220,196
2408,"Wolfwil",2081,19,60,8,0,38,1,5,2
2421,"Aedermannsdorf",549,0,20,0,0,0,0,0,0
2422,"Balsthal",6019,201,168,210,9,252,18,140,186
2423,"Gänsbrunnen",95,1,2,1,0,0,0,0,0
2424,"Herbetswil",533,7,27,0,1,0,0,1,0
2425,"Holderbank (SO)",635,6,29,3,0,1,0,6,0
2426,"Laupersdorf",1734,19,35,23,3,18,1,4,4
2427,"Matzendorf",1292,14,21,1,2,4,0,6,0
2428,"Mümliswil-Ramiswil",2444,20,64,11,3,20,0,9,2
2429,"Welschenrohr",1124,14,47,0,1,5,0,1,1
2445,"Biezwil",323,0,2,0,0,0,0,0,0
2455,"Lüterkofen-Ichertswil",762,1,20,0,0,0,0,5,0
2456,"Lüterswil-Gächliwil",315,2,9,0,0,0,0,0,0
2457,"Messen",1461,5,23,0,6,0,2,0,0
2461,"Schnottwil",1063,6,26,1,0,0,0,0,0
2463,"Unterramsern",203,1,3,0,0,0,0,0,0
2464,"Lüsslingen-Nennigkofen",1057,9,102,0,0,0,0,6,0
2465,"Buchegg",2507,9,48,0,2,0,6,0,0
2471,"Bättwil",1195,32,44,2,4,10,4,7,12
2472,"Büren (SO)",996,16,33,6,0,6,6,4,9
2473,"Dornach",6538,188,638,28,36,19,50,13,30
2474,"Gempen",889,12,65,10,6,0,3,0,0
2475,"Hochwald",1293,18,51,2,2,0,2,0,5
2476,"Hofstetten-Flüh",3162,58,125,9,15,22,16,10,4
2477,"Metzerlen-Mariastein",910,6,34,0,3,1,0,3,0
2478,"Nuglar-St. Pantaleon",1482,15,63,3,2,2,2,7,1
2479,"Rodersdorf",1332,9,43,0,14,0,6,0,4
2480,"Seewen",1022,6,27,5,6,8,7,1,1
2481,"Witterswil",1494,73,57,1,4,11,19,9,7
2491,"Hauenstein-Ifenthal",314,3,19,0,0,0,0,0,0
2492,"Kienberg",521,0,31,0,0,0,0,0,0
2493,"Lostorf",3926,112,156,10,6,17,13,10,7
2495,"Niedergösgen",3758,265,115,10,2,150,35,51,95
2497,"Obergösgen",2217,121,76,19,1,84,4,43,39
2498,"Rohr (SO)",94,1,6,0,0,0,0,0,0
2499,"Stüsslingen",1075,16,34,2,0,8,0,1,0
2500,"Trimbach",6505,468,205,24,19,308,59,100,296
2501,"Winznau",1820,23,71,11,1,37,17,26,10
2502,"Wisen (SO)",404,4,19,1,0,0,0,0,1
2503,"Erlinsbach (SO)",3397,122,131,5,1,71,14,14,16
2511,"Aeschi (SO)",1216,5,36,5,0,0,2,2,0
2513,"Biberist",8223,373,212,61,5,209,35,138,184
2514,"Bolken",571,14,12,0,1,0,0,0,1
2516,"Deitingen",2215,45,42,1,1,12,4,2,8
2517,"Derendingen",6319,540,197,68,9,126,30,138,194
2518,"Etziken",787,14,2,8,0,0,0,1,1
2519,"Gerlafingen",4988,449,136,15,4,275,18,126,311
2520,"Halten",873,17,21,0,3,0,4,0,1
2523,"Horriwil",865,10,9,0,0,0,0,5,5
2524,"Hüniken",94,0,0,0,0,0,0,0,0
2525,"Kriegstetten",1274,23,43,1,3,2,3,12,3
2526,"Lohn-Ammannsegg",2706,70,66,6,7,0,10,1,0
2527,"Luterbach",3437,128,87,5,10,36,11,60,75
2528,"Obergerlafingen",1111,18,19,2,1,5,3,6,1
2529,"Oekingen",807,12,21,10,0,5,2,4,0
2530,"Recherswil",1826,45,30,1,4,19,0,10,7
2532,"Subingen",3068,103,71,39,3,48,16,36,67
2534,"Zuchwil",8744,600,248,167,16,283,68,394,518
2535,"Drei Höfe",742,6,8,7,0,0,0,0,0
2541,"Balm bei Günsberg",202,0,3,0,0,0,0,0,0
2542,"Bellach",5211,267,104,66,7,76,37,182,232
2543,"Bettlach",4873,210,125,25,9,32,15,61,90
2544,"Feldbrunnen-St. Niklaus",974,13,30,0,5,0,2,3,0
2545,"Flumenthal",959,12,28,12,1,6,0,4,4
2546,"Grenchen",16741,1257,665,149,67,487,123,535,465
2547,"Günsberg",1152,13,57,3,1,0,0,0,0
2548,"Hubersdorf",725,3,17,2,0,4,0,1,3
2549,"Kammersrohr",33,0,1,0,1,0,0,0,0
2550,"Langendorf",3749,144,128,2,2,31,10,14,34
2551,"Lommiswil",1479,20,37,1,0,4,5,1,0
2553,"Oberdorf (SO)",1654,22,57,3,0,0,1,7,0
2554,"Riedholz",2289,37,97,8,0,15,18,8,5
2555,"Rüttenen",1507,12,33,1,0,4,3,7,3
2556,"Selzach",3301,116,102,29,2,30,9,13,28
2571,"Boningen",735,9,27,0,0,4,1,5,2
2572,"Däniken",2769,99,65,10,2,58,5,35,73
2573,"Dulliken",4897,501,124,7,11,338,18,89,364
2574,"Eppenberg-Wöschnau",317,6,20,14,0,8,0,12,6
2575,"Fulenbach",1726,24,62,5,0,18,6,0,18
2576,"Gretzenbach",2643,207,60,2,2,68,9,7,46
2578,"Gunzgen",1655,25,66,15,0,14,3,11,17
2579,"Hägendorf",4866,164,180,19,7,189,19,58,68
2580,"Kappel (SO)",3087,67,149,14,8,92,4,53,12
2581,"Olten",17833,847,625,61,47,426,118,192,540
2582,"Rickenbach (SO)",840,8,26,4,1,3,2,17,1
2583,"Schönenwerd",4873,549,189,50,3,215,50,58,157
2584,"Starrkirch-Wil",1700,56,38,9,4,11,2,9,36
2585,"Walterswil (SO)",692,10,22,0,0,0,0,0,2
2586,"Wangen bei Olten",5088,158,230,33,10,89,29,89,81
2601,"Solothurn",16721,503,675,61,43,156,92,262,417
2611,"Bärschwil",812,2,33,1,4,1,2,1,0
2612,"Beinwil (SO)",265,0,7,0,0,0,0,0,0
2613,"Breitenbach",3754,162,97,204,8,134,53,89,43
2614,"Büsserach",2202,33,37,30,6,17,20,10,1
2615,"Erschwil",903,1,20,12,0,6,7,7,0
2616,"Fehren",610,1,13,0,3,0,0,0,0
2617,"Grindel",486,3,11,0,1,1,9,2,1
2618,"Himmelried",930,5,44,9,0,1,1,0,2
2619,"Kleinlützel",1258,23,40,0,1,0,5,4,5
2620,"Meltingen",664,5,11,1,0,5,2,0,1
2621,"Nunningen",1881,19,45,3,0,1,4,18,1
2622,"Zullwil",638,8,29,2,0,0,1,1,1
2701,"Basel",169916,7584,12822,3192,1809,2209,3398,1983,6138
2702,"Bettingen",1158,15,189,2,1,1,9,2,1
2703,"Riehen",20743,506,2247,71,81,78,161,78,239
2761,"Aesch (BL)",10173,696,363,41,26,113,43,83,211
2762,"Allschwil",20464,824,1255,165,151,84,310,67,281
2763,"Arlesheim",9223,281,577,106,37,17,55,13,112
2764,"Biel-Benken",3408,68,106,3,15,1,26,0,2
2765,"Binningen",15121,583,771,74,129,59,155,85,192
2766,"Birsfelden",10356,568,574,81,37,62,163,101,327
2767,"Bottmingen",6441,163,415,75,61,20,63,17,43
2768,"Ettingen",4978,170,186,24,16,60,26,12,42
2769,"Münchenstein",11901,568,498,50,34,106,110,91,345
2770,"Muttenz",17610,839,647,65,48,71,137,98,374
2771,"Oberwil (BL)",11105,241,517,33,59,97,130,59,131
2772,"Pfeffingen",2362,35,94,1,11,0,1,4,3
2773,"Reinach (BL)",18855,817,661,43,76,76,169,91,403
2774,"Schönenbuch",1374,37,54,0,11,0,5,0,0
2775,"Therwil",10007,343,313,46,56,58,71,39,76
2781,"Blauen",695,6,18,0,0,0,2,1,0
2782,"Brislach",1609,32,28,4,3,7,5,3,15
2783,"Burg im Leimental",263,3,10,0,0,0,0,0,0
2784,"Dittingen",729,8,33,6,1,5,21,6,1
2785,"Duggingen",1510,46,86,3,6,5,9,8,9
2786,"Grellingen",1840,65,122,18,12,52,13,14,67
2787,"Laufen",5544,323,155,49,19,82,131,55,76
2788,"Liesberg",1167,13,35,3,8,20,7,6,4
2789,"Nenzlingen",420,3,12,4,1,1,0,0,1
2790,"Roggenburg",280,0,12,0,0,0,0,0,0
2791,"Röschenz",1845,24,50,0,2,12,17,14,0
2792,"Wahlen",1410,16,45,6,2,4,20,2,11
2793,"Zwingen",2261,79,130,17,9,29,14,35,38
2821,"Arisdorf",1659,36,59,6,0,10,5,0,0
2822,"Augst",947,24,50,7,1,20,5,16,12
2823,"Bubendorf",4378,148,133,7,10,72,14,13,20
2824,"Frenkendorf",6490,412,301,134,10,189,45,144,249
2825,"Füllinsdorf",4385,198,179,59,9,127,23,59,174
2826,"Giebenach",1036,54,60,4,0,13,4,7,11
2827,"Hersberg",328,0,24,0,0,0,0,0,0
2828,"Lausen",5014,408,189,64,20,127,31,57,172
2829,"Liestal",14079,646,650,161,34,451,77,205,394
2830,"Lupsingen",1415,21,61,5,2,0,3,0,0
2831,"Pratteln",15898,1135,646,301,39,720,195,507,1061
2832,"Ramlinsburg",699,9,43,0,3,0,1,0,0
2833,"Seltisberg",1308,14,40,0,5,0,0,0,3
2834,"Ziefen",1542,12,73,6,1,0,0,5,4
2841,"Anwil",583,7,21,0,0,0,1,0,0
2842,"Böckten",789,25,13,6,0,10,2,2,10
2843,"Buckten",693,13,26,15,1,0,5,7,0
2844,"Buus",999,2,41,2,2,12,0,0,0
2845,"Diepflingen",719,24,14,4,4,0,0,10,8
2846,"Gelterkinden",5995,214,167,48,13,148,29,43,124
2847,"Häfelfingen",272,2,16,1,1,1,3,0,1
2848,"Hemmiken",271,1,10,0,0,2,0,0,0
2849,"Itingen",2057,122,63,14,0,12,7,10,28
2850,"Känerkinden",520,4,13,0,3,0,1,1,2
2851,"Kilchberg (BL)",154,1,1,0,0,0,0,0,0
2852,"Läufelfingen",1302,18,49,21,2,33,4,0,2
2853,"Maisprach",943,7,62,3,6,1,1,0,0
2854,"Nusshof",259,1,14,0,0,0,1,0,0
2855,"Oltingen",480,0,11,0,0,4,2,0,1
2856,"Ormalingen",2114,56,82,9,3,25,3,6,9
2857,"Rickenbach (BL)",597,12,17,0,1,1,4,1,0
2858,"Rothenfluh",776,3,21,1,3,0,0,0,0
2859,"Rümlingen",386,7,20,5,4,17,7,7,0
2860,"Rünenberg",776,1,10,10,0,0,2,0,2
2861,"Sissach",6624,224,220,106,14,98,25,33,47
2862,"Tecknau",862,20,30,6,0,63,2,21,17
2863,"Tenniken",894,8,35,1,1,14,6,0,2
2864,"Thürnen",1399,71,33,5,3,41,6,18,8
2865,"Wenslingen",730,2,26,1,0,1,4,0,0
2866,"Wintersingen",613,14,16,0,2,1,0,4,0
2867,"Wittinsburg",429,0,12,0,0,0,1,0,4
2868,"Zeglingen",481,4,9,0,0,9,0,1,0
2869,"Zunzgen",2508,111,69,31,5,30,6,21,37
2881,"Arboldswil",568,1,21,2,0,0,1,0,3
2882,"Bennwil",646,3,24,0,0,0,0,0,0
2883,"Bretzwil",779,3,18,7,0,5,3,3,3
2884,"Diegten",1618,40,47,6,1,14,4,0,8
2885,"Eptingen",532,0,37,5,2,0,0,0,1
2886,"Hölstein",2415,63,78,15,6,58,4,17,13
2887,"Lampenberg",491,7,6,0,1,0,2,0,0
2888,"Langenbruck",992,9,65,3,1,12,2,1,10
2889,"Lauwil",327,1,11,0,0,0,0,0,0
2890,"Liedertswil",160,4,3,0,0,0,0,0,0
2891,"Niederdorf",1789,107,42,2,6,42,5,25,42
2892,"Oberdorf (BL)",2399,105,69,1,1,70,14,45,31
2893,"Reigoldswil",1597,16,45,5,2,12,7,7,1
2894,"Titterten",408,3,15,1,0,0,0,0,0
2895,"Waldenburg",1156,45,64,19,1,50,2,49,14
2901,"Gächlingen",824,4,32,1,1,0,2,3,1
2903,"Löhningen",1387,12,73,2,3,0,11,7,0
2904,"Neunkirch",2086,65,153,16,2,0,5,1,3
2914,"Büttenhardt",346,2,18,0,0,0,0,1,0
2915,"Dörflingen",972,14,101,2,2,9,8,1,0
2917,"Lohn (SH)",757,12,39,2,4,0,0,0,0
2919,"Stetten (SH)",1328,19,105,1,11,5,4,7,1
2920,"Thayngen",5293,147,593,16,14,41,29,37,33
2931,"Bargen (SH)",291,11,48,2,0,0,3,0,0
2932,"Beringen",4541,180,336,33,8,47,21,29,15
2933,"Buchberg",824,4,42,8,1,0,0,0,0
2936,"Merishausen",865,7,61,0,0,0,0,6,4
2937,"Neuhausen am Rheinfall",10316,478,696,155,22,506,84,277,193
2938,"Rüdlingen",736,0,40,2,4,0,0,0,0
2939,"Schaffhausen",35948,1214,2190,319,74,686,335,385,710
2951,"Beggingen",481,3,25,0,0,0,0,0,0
2952,"Schleitheim",1694,20,124,11,1,29,0,3,1
2953,"Siblingen",834,3,64,1,1,0,6,0,1
2961,"Buch (SH)",316,1,83,0,0,0,1,0,0
2962,"Hemishofen",460,5,57,4,1,0,2,0,0
2963,"Ramsen",1371,12,232,4,0,13,3,1,0
2964,"Stein am Rhein",3343,52,327,42,8,60,15,21,14
2971,"Hallau",2072,41,116,10,6,7,2,13,8
2972,"Oberhallau",439,0,9,0,0,0,0,0,0
2973,"Trasadingen",601,23,107,6,2,0,0,1,1
2974,"Wilchingen",1711,24,125,8,0,11,4,6,1
3001,"Herisau",15721,488,565,269,7,110,128,367,186
3002,"Hundwil",962,3,17,0,0,0,0,1,1
3003,"Schönengrund",524,6,18,0,0,0,1,0,0
3004,"Schwellbrunn",1531,5,66,2,0,0,0,1,0
3005,"Stein (AR)",1406,1,40,8,0,0,4,4,0
3006,"Urnäsch",2247,11,97,7,4,2,7,37,12
3007,"Waldstatt",1783,26,58,14,0,6,2,38,16
3021,"Bühler",1705,59,62,62,0,38,17,44,34
3022,"Gais",3073,31,122,75,9,13,2,1,7
3023,"Speicher",4215,53,180,2,4,23,18,10,12
3024,"Teufen (AR)",6165,68,304,12,5,12,48,13,21
3025,"Trogen",1704,11,90,2,1,0,2,2,3
3031,"Grub (AR)",1008,7,56,7,0,0,1,4,7
3032,"Heiden",4151,57,240,115,1,42,7,39,29
3033,"Lutzenberg",1254,10,124,0,0,2,6,0,3
3034,"Rehetobel",1729,12,126,7,3,4,1,1,0
3035,"Reute (AR)",692,4,42,0,0,0,1,4,3
3036,"Wald (AR)",844,6,33,0,1,2,0,3,3
3037,"Walzenhausen",2054,41,205,8,8,17,3,4,2
3038,"Wolfhalden",1775,12,113,11,0,13,2,7,7
3101,"Appenzell",5822,67,141,185,3,11,59,64,33
3102,"Gonten",1442,3,20,0,0,0,4,1,0
3103,"Rüte",3525,7,76,6,0,1,5,1,0
3104,"Schlatt-Haslen",1110,6,7,1,0,4,1,0,4
3105,"Schwende",2159,21,51,18,0,0,21,3,6
3111,"Oberegg",1916,15,86,4,0,0,0,0,0
3201,"Häggenschwil",1264,7,34,0,3,2,0,2,5
3202,"Muolen",1205,11,28,8,0,0,2,2,1
3203,"St. Gallen",75538,2643,5283,1106,128,1892,736,1420,777
3204,"Wittenbach",9652,276,393,138,9,255,77,234,97
3211,"Berg (SG)",840,11,21,0,0,2,0,2,4
3212,"Eggersriet",2262,19,101,3,1,1,4,3,0
3213,"Goldach",9110,545,346,110,6,94,62,147,93
3214,"Mörschwil",3561,33,138,3,2,14,9,3,4
3215,"Rorschach",9214,517,664,431,12,367,176,302,236
3216,"Rorschacherberg",7214,293,497,118,10,66,50,120,125
3217,"Steinach",3519,124,201,24,3,23,21,70,53
3218,"Tübach",1337,31,46,8,1,5,4,1,1
3219,"Untereggen",1045,10,41,0,0,1,0,0,2
3231,"Au (SG)",7378,338,430,32,13,131,58,233,102
3232,"Balgach",4498,100,225,8,0,74,30,46,37
3233,"Berneck",3937,80,206,28,2,23,15,36,9
3234,"Diepoldsau",6347,179,318,3,4,187,20,62,25
3235,"Rheineck",3311,242,147,17,0,205,15,42,24
3236,"St. Margrethen",5792,257,238,26,5,298,35,373,189
3237,"Thal",6426,142,450,40,4,177,30,53,30
3238,"Widnau",9329,248,413,22,8,201,111,208,102
3251,"Altstätten",11358,216,684,51,7,178,11,664,62
3252,"Eichberg",1539,4,124,0,2,4,1,5,0
3253,"Marbach (SG)",2137,31,113,8,0,22,8,63,16
3254,"Oberriet (SG)",8719,46,293,16,3,118,14,146,14
3255,"Rebstein",4462,91,261,29,3,147,27,220,50
3256,"Rüthi (SG)",2256,14,185,1,0,54,2,32,2
3271,"Buchs (SG)",12414,442,874,221,45,359,97,378,122
3272,"Gams",3296,29,306,19,5,13,2,30,5
3273,"Grabs",6929,75,358,28,8,74,31,75,10
3274,"Sennwald",5256,82,453,57,4,103,36,135,64
3275,"Sevelen",4828,158,389,90,5,99,20,199,63
3276,"Wartau",5231,273,321,67,10,145,5,88,21
3291,"Bad Ragaz",5739,123,303,331,10,56,31,135,6
3292,"Flums",4869,105,140,52,1,90,14,213,16
3293,"Mels",8620,194,181,65,3,59,18,139,68
3294,"Pfäfers",1573,9,63,13,0,10,2,11,0
3295,"Quarten",2846,28,124,40,1,6,5,70,32
3296,"Sargans",6026,129,244,82,5,38,19,158,58
3297,"Vilters-Wangs",4649,42,178,50,1,15,4,55,6
3298,"Walenstadt",5520,110,285,92,7,74,30,114,34
3311,"Amden",1773,9,105,5,1,0,7,0,0
3312,"Benken (SG)",2915,15,70,23,3,30,1,8,0
3313,"Kaltbrunn",4788,144,169,33,4,167,9,76,16
3315,"Schänis",3762,45,139,16,4,33,6,33,10
3316,"Weesen",1595,14,78,6,0,20,0,8,3
3338,"Schmerikon",3668,145,122,162,0,72,24,34,67
3339,"Uznach",6295,224,198,218,9,380,19,125,86
3340,"Rapperswil-Jona",26875,867,983,396,32,323,154,216,223
3341,"Gommiswald",4969,41,242,23,5,123,3,11,8
3342,"Eschenbach (SG)",9123,168,301,140,6,162,30,76,96
3352,"Ebnat-Kappel",5057,85,140,12,6,79,5,22,99
3359,"Wildhaus-Alt St. Johann",2667,7,140,53,1,7,5,5,0
3360,"Nesslau",3611,33,118,0,2,22,2,6,7
3372,"Hemberg",927,0,37,0,0,0,2,0,0
3374,"Lichtensteig",1911,53,70,6,4,13,5,24,14
3375,"Oberhelfenschwil",1300,3,31,2,1,8,1,3,9
3378,"Neckertal",3997,33,161,6,1,9,10,11,8
3379,"Wattwil",8581,247,297,13,4,158,46,145,180
3392,"Kirchberg (SG)",8874,209,408,34,12,226,25,158,175
3393,"Lütisburg",1451,9,49,0,0,5,3,10,4
3394,"Mosnang",2802,7,73,2,0,0,0,0,1
3395,"Bütschwil-Ganterschwil",4734,70,101,6,0,107,31,12,49
3401,"Degersheim",4000,105,172,6,2,78,31,59,15
3402,"Flawil",10368,440,358,216,2,182,108,394,131
3405,"Jonschwil",3767,68,105,21,1,41,13,22,6
3407,"Oberuzwil",6349,128,234,18,3,129,41,80,57
3408,"Uzwil",12781,397,436,68,7,427,45,336,210
3422,"Niederbüren",1519,15,44,4,2,0,5,15,2
3423,"Niederhelfenschwil",3008,11,70,2,0,0,2,0,0
3424,"Oberbüren",4272,50,107,5,0,17,5,31,28
3426,"Zuzwil (SG)",4812,83,158,30,0,25,14,17,14
3427,"Wil (SG)",23667,824,999,129,31,624,114,335,251
3441,"Andwil (SG)",1899,14,30,5,0,17,2,11,9
3442,"Gaiserwald",8378,115,284,16,1,142,24,71,90
3443,"Gossau (SG)",18005,465,416,339,15,186,91,626,156
3444,"Waldkirch",3519,23,118,22,0,4,2,5,3
3503,"Mutten",72,0,2,0,0,0,0,0,0
3506,"Vaz/Obervaz",2718,38,164,260,6,6,5,5,0
3513,"Lantsch/Lenz",526,8,18,31,2,0,0,0,0
3514,"Schmitten (GR)",242,2,11,6,0,0,0,0,0
3521,"Bergün/Bravuogn",507,23,33,9,0,0,0,0,0
3522,"Filisur",445,23,17,27,3,1,1,0,0
3531,"Bivio",179,9,5,16,0,0,0,0,0
3532,"Cunter",256,5,23,36,0,0,1,3,0
3533,"Marmorera",30,0,0,0,0,0,0,0,0
3534,"Mulegns",26,0,0,0,0,0,0,0,0
3536,"Riom-Parsonz",303,4,7,0,0,0,0,0,0
3538,"Salouf",208,1,4,0,0,0,0,0,0
3539,"Savognin",996,22,42,70,1,0,7,0,1
3540,"Sur",64,1,6,1,0,0,0,0,0
3541,"Tinizong-Rona",307,10,23,20,0,0,1,0,0
3542,"Albula/Alvra",1331,14,58,75,0,0,0,4,0
3551,"Brusio",1106,97,2,9,0,0,3,0,0
3561,"Poschiavo",3513,186,18,72,0,0,0,0,0
3572,"Falera",614,7,11,63,0,0,0,0,0
3575,"Laax",1617,16,111,83,1,3,3,2,1
3581,"Sagogn",689,4,44,13,0,0,2,1,1
3582,"Schluein",616,3,23,45,0,0,0,0,5
3603,"Vals",990,0,41,75,2,1,1,4,1
3611,"Andiast",203,1,9,17,0,0,0,0,0
3612,"Obersaxen",829,3,16,31,2,0,0,0,4
3616,"Waltensburg/Vuorz",338,0,13,2,0,0,3,0,0
3617,"Mundaun",317,0,15,1,0,0,0,0,0
3618,"Lumnezia",2060,4,22,35,2,6,0,1,0
3619,"Ilanz/Glion",4695,49,176,230,0,26,11,11,11
3633,"Fürstenau",345,3,12,0,0,0,0,0,0
3637,"Rothenbrunnen",303,10,7,8,0,0,1,0,0
3638,"Scharans",820,2,25,4,0,0,0,0,0
3640,"Sils im Domleschg",927,19,37,50,0,9,1,10,1
3661,"Cazis",2087,41,79,63,0,7,5,8,1
3662,"Flerden",229,0,6,0,0,0,0,0,0
3663,"Masein",475,2,8,0,0,0,0,0,0
3668,"Thusis",3025,105,78,397,1,37,20,58,6
3669,"Tschappina",126,0,7,0,0,0,0,0,0
3670,"Urmein",141,0,9,0,0,0,0,0,0
3672,"Safiental",896,1,25,6,1,0,0,0,0
3673,"Domleschg",1943,13,35,2,0,0,0,0,3
3681,"Avers",168,1,4,1,0,0,0,0,0
3691,"Hinterrhein",66,0,1,0,0,0,0,0,0
3693,"Nufenen",156,2,3,14,0,0,0,0,0
3694,"Splügen",384,13,15,17,0,0,0,0,0
3695,"Sufers",125,0,0,0,0,0,0,0,0
3701,"Andeer",958,12,30,53,0,0,0,3,3
3703,"Casti-Wergenstein",52,2,2,0,0,0,0,0,0
3705,"Donat",208,3,0,0,0,0,0,0,0
3707,"Lohn (GR)",43,0,1,0,0,0,0,0,0
3708,"Mathon",52,1,4,0,1,0,0,0,0
3711,"Rongellen",59,0,2,2,1,0,0,0,0
3712,"Zillis-Reischen",403,9,26,17,0,1,0,0,0
3713,"Ferrera",84,0,6,0,0,0,0,0,0
3721,"Bonaduz",3183,45,190,73,1,21,8,14,2
3722,"Domat/Ems",7880,442,238,365,0,71,17,98,34
3723,"Rhäzüns",1425,34,46,90,2,22,3,8,1
3731,"Felsberg",2476,43,108,25,4,14,3,19,0
3732,"Flims",2697,26,165,186,6,5,10,7,4
3733,"Tamins",1174,16,72,27,3,0,2,19,1
3734,"Trin",1323,20,54,83,0,0,2,0,0
3746,"Zernez",1570,40,33,170,1,2,3,0,0
3752,"Samnaun",773,14,30,38,2,0,0,5,0
3762,"Scuol",4690,140,246,410,7,7,3,13,1
3764,"Valsot",904,17,28,17,0,0,0,0,0
3781,"Bever",627,38,24,19,0,0,1,4,0
3782,"Celerina/Schlarigna",1534,187,78,180,7,0,1,3,0
3783,"Madulain",229,22,11,27,0,0,1,0,0
3784,"Pontresina",2166,120,124,376,1,9,5,26,1
3785,"La Punt-Chamues-ch",749,52,29,95,0,0,7,0,0
3786,"Samedan",2996,181,178,226,1,3,6,14,0
3787,"St. Moritz",5067,528,329,762,27,2,15,26,3
3788,"S-chanf",697,23,19,47,1,0,1,1,0
3789,"Sils im Engadin/Segl",761,63,42,144,4,0,1,1,0
3790,"Silvaplana",1086,138,89,90,3,2,4,2,0
3791,"Zuoz",1250,91,95,143,3,0,6,3,3
3792,"Bregaglia",1536,79,35,67,0,0,4,1,0
3804,"Buseno",92,3,0,3,0,0,0,0,0
3805,"Castaneda",266,17,10,0,0,0,5,0,0
3808,"Rossa",147,15,0,0,0,0,0,0,0
3810,"Santa Maria in Calanca",102,2,2,0,0,0,0,0,0
3821,"Lostallo",767,71,4,40,0,0,1,0,1
3822,"Mesocco",1349,162,12,49,1,4,2,0,0
3823,"Soazza",347,53,1,1,3,0,0,0,0
3831,"Cama",571,64,0,23,0,0,0,0,1
3832,"Grono",1020,155,4,89,2,2,30,1,11
3833,"Leggia",138,6,0,5,0,0,1,0,0
3834,"Roveredo (GR)",2511,272,6,168,3,11,14,5,18
3835,"San Vittore",766,115,5,24,3,0,1,7,0
3836,"Verdabbio",163,20,4,1,2,0,1,0,0
3837,"Calanca",187,22,2,0,0,0,2,0,0
3847,"Val Müstair",1539,44,24,8,0,0,0,0,0
3851,"Davos",11109,329,811,765,20,16,42,110,9
3861,"Fideris",600,4,18,11,1,0,0,0,0
3862,"Furna",209,0,2,0,0,0,0,0,0
3863,"Jenaz",1163,8,36,21,2,0,0,2,3
3871,"Klosters-Serneus",3808,46,226,286,12,10,10,23,6
3881,"Conters im Prättigau",215,0,6,0,0,0,0,0,0
3882,"Küblis",858,17,25,61,0,0,2,4,0
3883,"Saas",729,3,25,23,0,0,1,0,0
3891,"Luzein",1218,6,35,9,0,0,0,0,0
3893,"St. Antönien",331,1,4,0,0,0,0,0,0
3901,"Chur",34652,1125,1147,1258,19,206,244,229,215
3911,"Churwalden",2030,24,121,38,1,8,10,8,36
3921,"Arosa",3205,44,235,191,3,0,9,19,2
3926,"Maladers",506,11,23,1,0,0,0,0,1
3932,"Tschiertschen-Praden",314,2,18,0,1,0,0,0,0
3941,"Haldenstein",1023,16,36,13,2,4,6,2,0
3945,"Trimmis",3188,52,90,48,1,11,7,4,3
3946,"Untervaz",2445,50,81,13,0,1,5,8,1
3947,"Zizers",3361,67,107,85,1,18,8,10,3
3951,"Fläsch",713,2,33,6,0,0,0,0,0
3952,"Jenins",912,4,59,3,2,0,11,0,0
3953,"Maienfeld",2767,24,105,59,0,1,3,15,1
3954,"Malans",2324,17,112,11,1,2,2,1,0
3955,"Landquart",8822,212,238,270,6,63,21,163,82
3961,"Grüsch",1984,15,61,4,0,0,1,7,10
3962,"Schiers",2643,24,90,58,0,24,0,14,15
3972,"Seewis im Prättigau",1390,5,59,12,0,0,0,9,0
3981,"Breil/Brigels",1258,3,34,30,1,0,0,8,0
3982,"Disentis/Mustér",2070,15,39,160,0,0,2,2,0
3983,"Medel (Lucmagn)",389,0,4,2,0,0,0,0,0
3985,"Sumvitg",1218,11,11,34,0,1,0,0,0
3986,"Tujetsch",1324,7,38,102,0,1,3,0,0
3987,"Trun",1202,27,9,36,0,0,1,0,1
4001,"Aarau",20710,519,823,135,36,365,148,222,246
4002,"Biberstein",1477,19,59,6,3,1,3,2,4
4003,"Buchs (AG)",7731,410,408,122,8,176,83,181,281
4004,"Densbüren",702,0,28,1,0,7,0,4,1
4005,"Erlinsbach (AG)",3973,102,166,15,12,48,10,24,22
4006,"Gränichen",7432,347,302,29,10,258,31,104,153
4007,"Hirschthal",1571,28,54,2,0,14,4,1,21
4008,"Küttigen",6030,119,289,35,9,94,9,50,28
4009,"Muhen",3831,170,94,11,1,72,10,33,20
4010,"Oberentfelden",7714,364,209,51,13,345,36,186,261
4012,"Suhr",9904,429,394,55,17,282,70,228,456
4013,"Unterentfelden",4120,205,172,22,9,130,9,91,87
4021,"Baden",19012,725,1261,182,120,177,177,222,120
4022,"Bellikon",1548,7,80,9,0,1,5,6,1
4023,"Bergdietikon",2682,70,172,23,9,3,4,2,15
4024,"Birmenstorf (AG)",2922,80,189,49,15,18,19,12,14
4026,"Ennetbaden",3324,62,246,19,31,13,31,14,6
4027,"Fislisbach",5556,306,268,54,20,119,34,55,115
4028,"Freienwil",980,11,75,5,0,5,3,0,0
4029,"Gebenstorf",4975,302,228,60,10,147,26,97,95
4030,"Killwangen",1960,143,86,25,7,46,9,39,29
4031,"Künten",1671,46,58,12,3,31,1,8,17
4032,"Mägenwil",2083,49,78,25,10,65,5,14,29
4033,"Mellingen",5343,234,324,80,29,177,37,101,86
4034,"Neuenhof",8819,1017,326,184,15,471,118,367,335
4035,"Niederrohrdorf",3693,97,186,44,3,42,9,28,25
4037,"Oberrohrdorf",4032,70,250,49,14,39,25,31,29
4038,"Obersiggenthal",8590,272,503,110,51,123,62,222,133
4039,"Remetschwil",2041,44,119,4,2,20,5,4,4
4040,"Spreitenbach",11253,927,386,463,15,863,132,686,481
4041,"Stetten (AG)",2139,63,133,50,4,54,13,15,5
4042,"Turgi",2988,225,163,74,13,94,21,87,69
4044,"Untersiggenthal",7161,316,329,157,12,232,19,70,92
4045,"Wettingen",20298,1379,782,289,75,342,167,297,283
4046,"Wohlenschwil",1510,32,54,18,7,15,5,4,4
4047,"Würenlingen",4577,165,252,90,11,198,20,47,22
4048,"Würenlos",6200,266,202,57,20,40,44,25,21
4049,"Ehrendingen",4743,134,292,22,18,31,19,22,13
4061,"Arni (AG)",1849,29,87,2,6,0,3,1,2
4062,"Berikon",4608,132,247,45,7,58,28,43,7
4063,"Bremgarten (AG)",7775,144,417,131,13,179,88,66,93
4064,"Büttikon",980,21,75,1,1,14,8,6,0
4065,"Dottikon",3857,395,202,71,12,103,20,71,137
4066,"Eggenwil",946,14,67,16,0,15,7,0,4
4067,"Fischbach-Göslikon",1626,34,62,14,0,31,4,2,6
4068,"Hägglingen",2419,44,124,12,2,40,5,7,18
4071,"Jonen",2019,27,102,15,1,6,10,2,0
4072,"Niederwil (AG)",2761,63,143,15,3,55,7,23,5
4073,"Oberlunkhofen",1925,28,115,18,3,12,4,3,0
4074,"Oberwil-Lieli",2213,18,139,5,2,4,3,0,1
4075,"Rudolfstetten-Friedlisberg",4404,192,282,81,16,109,39,68,20
4076,"Sarmenstorf",2805,70,139,14,4,20,7,7,15
4077,"Tägerig",1455,36,76,15,2,13,4,12,9
4078,"Uezwil",462,1,19,1,2,0,5,0,0
4079,"Unterlunkhofen",1298,19,62,6,2,2,2,0,1
4080,"Villmergen",7021,559,247,202,4,290,32,58,144
4081,"Widen",3571,82,153,22,8,19,11,20,12
4082,"Wohlen (AG)",15600,1472,658,372,15,977,161,290,315
4083,"Zufikon",4380,114,234,65,5,116,32,17,76
4084,"Islisberg",629,11,47,2,0,0,0,0,1
4091,"Auenstein",1565,18,63,3,1,0,0,11,4
4092,"Birr",4402,287,197,63,13,378,27,210,123
4093,"Birrhard",697,15,32,1,2,5,1,2,1
4094,"Bözen",723,6,35,3,0,9,3,9,0
4095,"Brugg",11200,384,563,124,18,443,55,212,270
4096,"Effingen",613,2,53,0,0,0,0,2,1
4097,"Elfingen",279,1,21,0,0,1,1,1,0
4099,"Habsburg",407,2,38,0,0,0,0,0,0
4100,"Hausen (AG)",3407,178,135,50,5,93,9,38,52
4104,"Lupfig",2296,99,102,7,2,18,16,23,28
4105,"Mandach",317,0,12,0,1,0,0,0,0
4106,"Mönthal",391,9,24,2,1,0,0,1,0
4107,"Mülligen",1057,19,67,5,5,9,4,6,1
4110,"Remigen",1054,13,68,20,1,3,2,0,0
4111,"Riniken",1478,22,55,38,1,37,4,9,24
4112,"Rüfenach",866,5,35,23,1,10,1,0,1
4113,"Scherz",649,14,38,0,3,0,1,0,0
4114,"Schinznach-Bad",1264,40,87,6,0,58,5,47,33
4117,"Thalheim (AG)",807,5,30,0,0,0,0,3,0
4120,"Veltheim (AG)",1440,25,88,12,3,13,7,9,9
4121,"Villigen",2029,70,129,123,8,40,3,7,3
4122,"Villnachern",1573,35,55,19,3,30,17,9,13
4123,"Windisch",7361,329,383,100,24,232,27,170,253
4124,"Bözberg",1570,9,71,6,1,0,5,1,0
4125,"Schinznach",2224,46,103,54,2,14,17,12,11
4131,"Beinwil am See",3065,23,130,4,9,46,6,3,3
4132,"Birrwil",1132,16,71,0,2,7,2,8,2
4133,"Burg (AG)",979,61,37,11,1,86,7,37,40
4134,"Dürrenäsch",1222,6,56,2,1,8,3,14,11
4135,"Gontenschwil",2078,37,72,4,1,36,10,24,26
4136,"Holziken",1317,27,32,14,0,40,2,4,8
4137,"Leimbach (AG)",474,5,12,0,0,19,1,0,1
4138,"Leutwil",756,3,24,2,0,1,1,0,0
4139,"Menziken",5930,280,276,87,3,407,77,192,240
4140,"Oberkulm",2692,49,79,25,1,79,0,30,127
4141,"Reinach (AG)",8182,410,290,47,6,768,39,456,243
4142,"Schlossrued",820,6,28,0,0,0,0,1,1
4143,"Schmiedrued",1164,15,34,0,0,26,6,0,0
4144,"Schöftland",4226,165,130,45,3,126,17,31,26
4145,"Teufenthal (AG)",1574,39,82,0,5,42,2,18,18
4146,"Unterkulm",2970,28,96,4,2,97,13,42,200
4147,"Zetzwil",1320,21,48,3,0,31,1,0,3
4161,"Eiken",2196,62,151,11,1,61,7,21,8
4163,"Frick",5284,208,275,14,12,204,17,42,92
4164,"Gansingen",1000,6,43,4,0,0,1,0,1
4165,"Gipf-Oberfrick",3543,44,185,16,5,40,9,2,7
4166,"Herznach",1427,10,79,3,0,37,4,16,1
4167,"Hornussen",935,28,58,1,0,22,4,5,4
4169,"Kaisten",2594,74,143,10,3,60,7,15,11
4170,"Laufenburg",3471,240,396,89,7,126,16,26,47
4172,"Münchwilen (AG)",902,26,101,6,2,8,2,7,2
4173,"Oberhof",599,2,26,0,0,0,1,0,0
4175,"Oeschgen",944,30,38,2,3,8,1,1,1
4176,"Schwaderloch",674,3,72,0,0,23,2,1,0
4177,"Sisseln",1551,50,191,3,7,30,7,4,5
4179,"Ueken",900,17,52,8,3,19,2,0,0
4181,"Wittnau",1216,22,67,6,2,4,6,8,0
4182,"Wölflinswil",1005,4,49,2,1,3,1,1,0
4183,"Zeihen",1102,6,95,2,4,10,4,2,1
4184,"Mettauertal",1929,10,130,2,2,14,0,4,1
4191,"Ammerswil",682,11,40,5,1,2,3,2,0
4192,"Boniswil",1418,43,73,6,0,7,0,15,16
4193,"Brunegg",732,33,51,4,0,16,2,18,0
4194,"Dintikon",2168,133,103,24,6,90,15,10,25
4195,"Egliswil",1335,8,49,4,0,11,1,0,2
4196,"Fahrwangen",2004,112,105,14,7,47,9,3,37
4197,"Hallwil",790,20,44,5,1,8,2,10,2
4198,"Hendschiken",1163,24,54,18,2,19,1,1,5
4199,"Holderbank (AG)",1148,59,67,16,3,33,6,13,23
4200,"Hunzenschwil",3868,256,142,88,2,147,13,32,133
4201,"Lenzburg",9162,637,415,173,19,204,46,85,224
4202,"Meisterschwanden",2818,95,167,18,1,10,7,25,12
4203,"Möriken-Wildegg",4395,186,133,35,4,115,16,36,75
4204,"Niederlenz",4546,249,243,39,9,90,13,73,150
4205,"Othmarsingen",2697,107,167,44,2,73,11,22,62
4206,"Rupperswil",5144,221,212,22,9,117,42,68,78
4207,"Schafisheim",2973,147,125,17,12,51,11,25,46
4208,"Seengen",3787,32,177,13,3,29,9,21,9
4209,"Seon",4945,179,185,69,10,155,35,76,208
4210,"Staufen",2937,160,73,72,4,31,7,7,12
4221,"Abtwil",970,12,70,1,0,7,4,0,5
4222,"Aristau",1384,26,68,18,1,23,2,0,3
4223,"Auw",1982,15,103,34,6,17,4,3,8
4224,"Beinwil (Freiamt)",1080,8,35,5,3,3,0,0,1
4226,"Besenbüren",607,12,13,0,0,0,6,0,0
4227,"Bettwil",571,3,36,0,0,0,1,0,1
4228,"Boswil",2780,65,136,50,1,65,18,38,7
4229,"Bünzen",1031,8,51,21,1,5,12,4,3
4230,"Buttwil",1176,9,63,2,0,0,1,0,2
4231,"Dietwil",1287,24,76,5,2,1,8,5,0
4232,"Geltwil",201,1,16,0,0,0,0,3,0
4233,"Kallern",330,4,5,1,0,0,0,0,0
4234,"Merenschwand",3420,79,120,17,3,80,18,51,9
4235,"Mühlau",1068,13,42,4,1,20,6,1,2
4236,"Muri (AG)",7591,247,274,121,5,325,36,147,20
4237,"Oberrüti",1512,17,63,13,0,7,5,9,2
4238,"Rottenschwil",806,8,30,9,0,0,4,5,3
4239,"Sins",4243,51,146,82,8,109,31,60,33
4240,"Waltenschwil",2762,73,123,15,0,37,2,8,14
4251,"Hellikon",803,5,18,1,1,1,1,0,2
4252,"Kaiseraugst",5565,386,410,88,20,89,38,67,107
4253,"Magden",3949,55,274,17,11,14,7,0,19
4254,"Möhlin",10853,602,754,63,25,258,76,75,112
4255,"Mumpf",1331,18,158,4,0,40,2,27,4
4256,"Obermumpf",1060,13,79,4,1,14,4,0,2
4257,"Olsberg",356,4,26,1,1,0,1,0,0
4258,"Rheinfelden",13105,535,1407,263,48,180,93,84,356
4259,"Schupfart",766,4,47,0,4,0,0,4,0
4260,"Stein (AG)",3136,166,490,21,7,175,7,36,47
4261,"Wallbach",1900,35,153,13,1,0,6,0,0
4262,"Wegenstetten",1078,10,26,1,1,19,4,8,0
4263,"Zeiningen",2277,43,144,6,5,28,6,10,4
4264,"Zuzgen",859,8,56,0,1,0,0,0,4
4271,"Aarburg",7723,576,340,348,15,381,84,158,422
4272,"Attelwil",282,0,3,4,0,0,1,0,0
4273,"Bottenwil",783,5,36,1,0,0,1,1,1
4274,"Brittnau",3859,55,115,55,6,27,7,2,2
4275,"Kirchleerau",843,1,37,0,0,11,1,0,0
4276,"Kölliken",4272,222,109,28,11,103,15,51,34
4277,"Moosleerau",917,17,17,9,0,28,7,6,10
4279,"Murgenthal",2892,65,102,8,3,94,4,41,34
4280,"Oftringen",13251,780,547,302,12,644,135,272,431
4281,"Reitnau",1245,4,47,11,0,16,4,0,0
4282,"Rothrist",8684,361,229,99,8,195,46,77,124
4283,"Safenwil",3695,104,130,27,0,142,5,31,35
4284,"Staffelbach",1083,16,46,2,0,5,3,2,0
4285,"Strengelbach",4597,281,180,132,7,96,33,48,38
4286,"Uerkheim",1361,19,50,4,0,17,3,1,0
4287,"Vordemwald",1909,24,45,4,2,0,0,0,3
4288,"Wiliberg",167,0,3,1,0,0,0,0,0
4289,"Zofingen",11487,355,576,182,17,116,65,82,137
4301,"Baldingen",271,2,13,0,0,0,0,0,0
4302,"Böbikon",165,0,6,0,0,0,2,0,0
4303,"Böttstein",3916,316,180,128,3,323,10,125,168
4304,"Döttingen",3799,304,199,208,0,287,13,56,153
4305,"Endingen",2528,32,138,47,6,71,4,16,1
4306,"Fisibach",440,2,27,17,0,1,3,0,0
4307,"Full-Reuenthal",868,4,66,15,4,8,1,0,0
4308,"Kaiserstuhl",396,12,63,0,1,0,3,0,0
4309,"Klingnau",3312,126,333,65,1,130,3,22,48
4310,"Koblenz",1628,45,210,50,1,100,7,48,28
4311,"Leibstadt",1274,12,110,16,4,162,5,4,9
4312,"Lengnau (AG)",2667,41,134,12,0,85,10,7,1
4313,"Leuggern",2130,69,144,22,3,40,10,5,18
4314,"Mellikon",262,3,16,4,0,0,4,0,0
4315,"Rekingen (AG)",989,31,99,26,3,55,0,2,5
4316,"Rietheim",739,33,98,20,3,27,1,0,26
4317,"Rümikon",291,4,54,4,0,1,2,1,1
4318,"Schneisingen",1336,10,64,0,0,1,1,3,0
4319,"Siglistorf",636,15,57,9,3,15,1,2,0
4320,"Tegerfelden",1167,16,73,12,1,15,0,5,3
4322,"Wislikofen",356,0,28,0,0,0,0,0,0
4323,"Bad Zurzach",4164,153,513,141,11,169,23,85,80
4401,"Arbon",14266,694,975,199,8,227,143,180,335
4406,"Dozwil",683,5,30,26,0,1,0,2,0
4411,"Egnach",4573,115,210,41,3,9,12,15,10
4416,"Hefenhofen",1229,32,70,9,1,2,7,2,1
4421,"Horn",2603,99,161,58,3,4,19,6,8
4426,"Kesswil",1002,19,69,19,2,0,2,1,1
4431,"Roggwil (TG)",2952,56,143,12,0,5,8,2,2
4436,"Romanshorn",10753,334,656,285,7,109,69,125,364
4441,"Salmsach",1405,34,58,31,1,13,7,11,50
4446,"Sommeri",520,4,17,6,1,0,0,0,0
4451,"Uttwil",1832,38,207,8,1,15,3,0,1
4461,"Amriswil",13113,609,482,384,7,279,83,150,230
4471,"Bischofszell",5895,104,282,291,2,118,19,102,38
4476,"Erlen",3624,141,243,50,1,72,18,29,25
4486,"Hauptwil-Gottshaus",1915,27,75,15,4,0,3,10,1
4495,"Hohentannen",616,2,23,2,0,0,1,0,0
4501,"Kradolf-Schönenberg",3554,74,192,25,2,65,16,37,7
4506,"Sulgen",3708,83,190,35,2,99,4,53,53
4511,"Zihlschlacht-Sitterdorf",2254,10,117,33,1,1,3,9,3
4536,"Basadingen-Schlattingen",1828,14,84,36,1,24,3,1,0
4545,"Diessenhofen",3676,212,238,263,2,96,29,22,28
4546,"Schlatt (TG)",1652,24,68,32,2,6,7,3,1
4551,"Aadorf",8794,326,334,66,9,68,12,52,40
4561,"Felben-Wellhausen",2691,134,133,68,4,22,24,11,7
4566,"Frauenfeld",24864,1182,888,1201,13,323,165,196,197
4571,"Gachnang",3984,135,154,49,7,14,10,11,2
4590,"Hüttlingen",830,5,26,1,1,0,1,0,0
4591,"Matzingen",2631,115,114,106,0,48,13,29,11
4601,"Neunforn",963,2,29,1,1,1,0,1,0
4606,"Stettfurt",1164,2,43,7,0,1,2,0,0
4611,"Thundorf",1424,12,51,6,2,0,1,0,0
4616,"Uesslingen-Buch",1086,1,32,7,0,0,0,0,1
4621,"Warth-Weiningen",1242,11,56,7,0,0,4,5,6
4641,"Altnau",2149,53,258,5,2,2,13,0,4
4643,"Bottighofen",2171,46,489,2,1,14,9,0,5
4646,"Ermatingen",3202,75,652,41,4,3,18,8,10
4651,"Gottlieben",325,6,114,3,1,0,0,0,0
4656,"Güttingen",1574,18,197,1,1,7,1,0,1
4666,"Kemmental",2393,47,259,6,0,29,2,12,1
4671,"Kreuzlingen",21542,1371,5920,273,53,420,180,189,565
4681,"Langrickenbach",1276,8,153,5,1,0,1,1,0
4683,"Lengwil",1659,61,258,3,2,14,9,5,2
4691,"Münsterlingen",3199,81,699,15,9,40,29,24,16
4696,"Tägerwilen",4388,170,1022,36,3,3,28,7,22
4701,"Wäldi",1036,17,114,5,3,0,3,0,1
4711,"Affeltrangen",2495,45,87,37,1,10,2,27,3
4716,"Bettwiesen",1154,56,63,10,0,10,1,17,5
4721,"Bichelsee-Balterswil",2801,37,125,7,0,11,8,2,11
4723,"Braunau",760,6,36,0,0,6,0,0,0
4724,"Eschlikon",4278,108,162,29,2,8,6,43,23
4726,"Fischingen",2644,10,96,10,3,11,5,7,3
4741,"Lommis",1226,32,47,27,0,1,0,8,0
4746,"Münchwilen (TG)",5270,382,205,37,4,27,52,40,124
4751,"Rickenbach (TG)",2773,163,109,40,1,77,23,73,52
4756,"Schönholzerswilen",814,1,28,0,1,0,2,0,0
4761,"Sirnach",7675,402,284,104,8,82,29,59,117
4776,"Tobel-Tägerschen",1556,49,50,11,0,14,2,18,3
4781,"Wängi",4580,134,139,29,5,51,10,28,55
4786,"Wilen (TG)",2467,117,71,4,3,6,6,2,2
4791,"Wuppenau",1121,22,28,1,0,0,1,0,4
4801,"Berlingen",861,18,141,5,0,0,0,4,2
4806,"Eschenz",1725,25,139,25,1,8,2,12,0
4811,"Herdern",1020,2,34,7,0,0,0,0,0
4816,"Homburg",1512,9,66,6,1,0,2,0,0
4821,"Hüttwilen",1669,6,85,20,0,6,0,1,0
4826,"Mammern",626,6,68,50,0,12,4,2,0
4831,"Müllheim",2884,62,141,10,2,39,7,4,17
4841,"Pfyn",1941,43,63,31,1,28,20,9,1
4846,"Raperswilen",395,1,20,1,0,0,0,0,0
4851,"Salenstein",1282,7,264,0,3,1,9,0,0
4864,"Steckborn",3726,163,424,39,7,18,43,9,9
4871,"Wagenhausen",1674,12,150,24,4,12,0,5,7
4881,"Amlikon-Bissegg",1323,5,66,4,0,3,3,0,4
4891,"Berg (TG)",3301,33,214,9,3,21,9,22,9
4901,"Birwinken",1363,16,71,1,0,0,0,0,3
4911,"Bürglen (TG)",3690,88,195,51,2,45,11,47,115
4921,"Bussnang",2264,18,136,18,1,5,9,2,6
4941,"Märstetten",2758,36,154,17,4,16,3,7,1
4946,"Weinfelden",11187,413,453,174,8,125,103,104,121
4951,"Wigoltingen",2374,46,122,66,0,0,3,1,1
5001,"Arbedo-Castione",4812,875,4,159,2,35,10,39,22
5002,"Bellinzona",18308,3286,46,552,24,153,107,125,102
5003,"Cadenazzo",2762,507,7,217,1,34,12,57,16
5004,"Camorino",2790,343,3,28,5,8,13,1,7
5005,"Giubiasco",8627,1543,26,218,3,62,50,76,48
5006,"Gnosca",735,61,2,12,1,0,2,1,0
5007,"Gorduno",788,106,1,7,0,0,2,0,0
5008,"Gudo",830,101,3,20,3,0,1,2,0
5009,"Isone",385,16,0,8,1,0,0,0,0
5010,"Lumino",1416,142,4,18,0,10,11,4,0
5012,"Moleno",123,16,0,4,0,0,2,0,0
5013,"Monte Carasso",2832,383,9,51,5,3,6,11,19
5014,"Pianezzo",602,37,7,0,1,0,1,0,0
5015,"Preonzo",618,35,0,11,0,1,3,0,0
5017,"Sant'Antonino",2411,433,1,111,2,1,9,14,5
5018,"Sant'Antonio",239,14,6,3,0,0,1,0,0
5019,"Sementina",3144,512,6,105,2,6,9,15,9
5048,"Acquarossa",1856,114,4,58,2,11,2,3,0
5049,"Blenio",1783,96,6,20,0,1,4,0,0
5050,"Serravalle",2075,95,3,37,3,0,1,1,0
5061,"Airolo",1576,202,2,128,2,3,7,2,3
5063,"Bedretto",108,16,0,2,0,0,0,0,0
5064,"Bodio",1037,227,2,89,0,42,21,33,3
5071,"Dalpe",198,16,1,1,0,0,0,0,0
5072,"Faido",2908,293,10,83,3,3,11,29,29
5073,"Giornico",879,137,3,47,0,3,2,5,0
5076,"Personico",344,39,6,24,0,0,0,0,1
5077,"Pollegio",741,179,2,70,1,3,9,1,0
5078,"Prato (Leventina)",423,54,0,15,0,0,0,16,0
5079,"Quinto",1051,163,2,18,1,1,2,7,0
5081,"Sobrio",78,0,1,0,1,0,1,0,0
5091,"Ascona",5439,602,265,227,27,3,35,15,3
5095,"Brione (Verzasca)",182,3,1,0,0,0,0,5,0
5096,"Brione sopra Minusio",495,36,26,14,5,0,1,0,0
5097,"Brissago",1769,126,94,45,5,0,2,3,1
5102,"Corippo",13,1,0,0,0,0,0,0,0
5105,"Frasco",100,1,0,0,0,0,0,0,0
5108,"Gordola",4511,490,37,104,7,13,20,12,2
5109,"Gresso",38,0,0,0,0,0,0,0,0
5112,"Lavertezzo",1343,146,9,36,2,4,5,13,1
5113,"Locarno",15968,2590,202,787,22,31,216,169,44
5115,"Losone",6517,823,80,197,9,0,30,8,5
5117,"Mergoscia",218,8,12,0,1,0,0,0,0
5118,"Minusio",7244,848,174,143,30,6,76,10,1
5119,"Mosogno",52,0,0,1,0,0,0,0,0
5120,"Muralto",2727,320,70,58,12,4,33,11,3
5121,"Orselina",759,37,50,7,2,1,6,1,0
5125,"Ronco sopra Ascona",624,44,49,18,5,0,2,2,1
5129,"Sonogno",91,2,0,2,0,0,0,0,0
5131,"Tenero-Contra",2875,431,25,57,1,17,26,11,2
5132,"Vergeletto",64,1,0,2,0,0,1,0,0
5135,"Vogorno",279,6,2,3,0,0,2,0,0
5136,"Onsernone",245,7,1,0,0,0,0,0,0
5137,"Isorno",302,9,6,2,0,0,0,0,0
5138,"Cugnasco-Gerra",2909,242,25,66,6,18,7,9,1
5141,"Agno",4467,1012,46,174,7,21,24,50,2
5143,"Aranno",348,27,13,4,0,0,0,0,0
5144,"Arogno",1004,96,11,1,0,1,6,1,0
5146,"Astano",308,29,6,1,0,0,1,0,0
5148,"Bedano",1544,217,12,11,2,2,3,2,0
5149,"Bedigliora",635,54,4,1,1,0,0,0,0
5151,"Bioggio",2632,365,26,46,7,3,11,7,2
5154,"Bissone",871,241,13,5,2,0,1,3,0
5160,"Brusino Arsizio",485,61,6,0,0,0,0,1,1
5161,"Cademario",759,71,5,13,0,1,1,7,0
5162,"Cadempino",1529,323,7,36,3,2,6,15,0
5167,"Canobbio",2137,347,22,24,2,9,9,5,2
5171,"Caslano",4339,795,60,91,16,21,22,13,9
5176,"Comano",2068,175,16,4,2,0,7,0,0
5178,"Croglio",877,96,15,13,3,0,3,3,1
5180,"Cureglia",1354,159,5,9,8,0,4,0,0
5181,"Curio",551,47,10,4,2,0,0,0,0
5186,"Grancia",519,121,4,11,1,1,3,5,4
5187,"Gravesano",1265,172,6,14,6,0,2,13,3
5189,"Lamone",1770,472,1,61,5,9,1,30,9
5192,"Lugano",63583,14778,648,1313,306,493,388,878,313
5193,"Magliaso",1494,229,22,28,0,0,7,8,0
5194,"Manno",1300,180,5,14,2,0,3,0,0
5195,"Maroggia",631,187,5,3,0,2,2,0,2
5196,"Massagno",6209,1367,41,154,35,108,39,250,40
5197,"Melano",1461,320,6,31,9,0,9,1,2
5198,"Melide",1800,459,29,29,11,12,6,7,2
5199,"Mezzovico-Vira",1358,165,5,17,5,0,9,6,0
5200,"Miglieglia",311,35,3,0,4,0,0,0,0
5202,"Monteggio",900,133,14,4,4,0,4,5,0
5203,"Morcote",769,159,33,15,9,0,10,19,0
5205,"Muzzano",821,111,7,4,3,3,4,2,0
5206,"Neggio",327,22,3,3,0,0,0,0,0
5207,"Novaggio",832,79,7,3,1,0,0,0,5
5208,"Origlio",1440,184,19,6,6,1,1,1,0
5210,"Paradiso",4054,1289,46,139,32,88,46,94,2
5212,"Ponte Capriasca",1876,198,11,11,2,0,3,2,1
5213,"Ponte Tresa",803,168,11,9,3,3,14,0,0
5214,"Porza",1620,272,20,4,5,0,3,5,1
5216,"Pura",1422,195,25,9,4,0,6,4,1
5219,"Rovio",816,129,6,7,1,0,2,1,0
5221,"Savosa",2240,473,22,38,11,27,15,29,5
5222,"Sessa",702,86,12,21,3,0,7,0,0
5225,"Sorengo",1953,311,17,13,11,0,10,5,4
5226,"Capriasca",6524,491,30,35,6,1,4,8,9
5227,"Torricella-Taverne",3072,624,7,59,4,7,16,20,16
5230,"Vernate",581,69,16,5,1,2,1,0,0
5231,"Vezia",2000,340,15,41,3,5,11,15,3
5233,"Vico Morcote",376,98,16,6,2,0,1,0,1
5236,"Collina d'Oro",4671,869,89,28,30,2,12,5,2
5237,"Alto Malcantone",1421,70,8,9,2,0,1,5,1
5238,"Monteceneri",4693,792,17,90,2,12,11,24,0
5242,"Balerna",3390,626,14,90,1,8,6,9,1
5249,"Castel San Pietro",2096,209,8,10,4,1,0,0,0
5250,"Chiasso",8174,2373,25,123,10,64,26,38,8
5251,"Coldrerio",2859,441,18,25,4,16,4,0,0
5254,"Mendrisio",14938,2454,111,202,34,18,34,24,13
5257,"Morbio Inferiore",4633,867,22,80,1,21,5,10,9
5260,"Novazzano",2400,274,11,18,2,0,9,1,2
5263,"Riva San Vitale",2610,360,14,24,3,0,7,2,5
5266,"Stabio",4616,866,16,46,2,3,6,10,8
5268,"Vacallo",3419,834,28,30,1,7,5,4,2
5269,"Breggia",2048,185,10,2,2,0,4,0,0
5281,"Biasca",6168,1181,12,290,5,220,27,62,18
5282,"Claro",2826,345,16,33,1,26,11,10,0
5283,"Cresciano",699,124,0,77,4,0,8,10,1
5284,"Iragna",567,85,0,22,1,14,3,0,0
5285,"Lodrino",1770,270,1,191,2,7,6,8,0
5286,"Osogna",1060,205,2,110,0,14,4,4,5
5304,"Bosco/Gurin",52,3,1,0,0,0,0,1,0
5307,"Campo (Vallemaggia)",57,4,1,3,0,0,0,0,0
5309,"Cerentino",53,1,1,3,0,0,0,0,0
5310,"Cevio",1185,89,8,49,5,0,22,1,0
5315,"Linescio",49,5,1,1,0,0,0,0,0
5317,"Maggia",2584,167,19,18,5,0,28,5,0
5323,"Lavizzara",540,19,2,6,0,0,1,0,0
5324,"Avegno Gordevio",1464,74,8,14,1,0,2,4,0
5396,"Terre di Pedemonte",2618,146,60,17,9,0,3,2,0
5397,"Centovalli",1170,72,17,2,2,0,2,0,0
5398,"Gambarogno",5136,648,108,108,12,5,8,11,0
5401,"Aigle",9942,371,19,1329,316,498,212,158,24
5402,"Bex",7364,226,16,703,249,333,106,20,17
5403,"Chessel",399,8,1,17,16,1,5,0,0
5404,"Corbeyrier",433,3,2,6,21,0,0,0,0
5405,"Gryon",1267,18,14,35,138,5,10,1,0
5406,"Lavey-Morcles",911,11,0,61,40,3,5,7,0
5407,"Leysin",4224,105,34,243,244,5,63,42,9
5408,"Noville",1029,55,8,61,44,12,11,7,1
5409,"Ollon",7426,137,48,554,501,54,74,19,10
5410,"Ormont-Dessous",1119,7,5,25,93,1,7,0,0
5411,"Ormont-Dessus",1481,16,11,133,144,1,3,0,0
5412,"Rennaz",839,40,5,79,53,17,23,2,1
5413,"Roche (VD)",1529,43,4,147,86,25,12,10,2
5414,"Villeneuve (VD)",5508,321,29,596,215,180,119,150,17
5415,"Yvorne",1027,13,5,45,32,8,3,1,1
5421,"Apples",1367,19,26,56,42,0,9,1,0
5422,"Aubonne",3240,137,41,348,212,1,54,0,0
5423,"Ballens",506,4,5,42,20,0,2,0,0
5424,"Berolle",291,6,1,3,3,7,3,0,0
5425,"Bière",1566,29,3,220,32,7,20,14,1
5426,"Bougy-Villars",485,5,8,21,57,0,0,0,0
5427,"Féchy",856,10,5,61,47,0,3,0,0
5428,"Gimel",1913,42,17,204,77,16,10,8,2
5429,"Longirod",464,10,2,19,24,0,2,0,0
5430,"Marchissy",454,3,5,18,21,0,0,0,0
5431,"Mollens (VD)",295,0,0,0,11,2,1,0,0
5432,"Montherod",519,16,8,65,18,0,2,0,0
5434,"Saint-George",956,11,12,34,55,0,4,2,2
5435,"Saint-Livres",713,7,6,23,55,0,6,0,0
5436,"Saint-Oyens",346,9,1,17,21,0,0,2,0
5437,"Saubraz",393,8,2,45,16,1,0,0,0
5451,"Avenches",4110,93,19,904,131,28,39,65,9
5456,"Cudrefin",1516,32,23,49,54,0,5,0,0
5458,"Faoug",860,11,23,54,28,3,7,3,0
5464,"Vully-les-Lacs",2828,30,29,104,82,19,17,4,0
5471,"Bettens",557,15,1,15,30,5,7,1,0
5472,"Bournens",372,8,3,17,19,5,0,0,1
5473,"Boussens",961,20,3,31,43,2,13,1,0
5474,"La Chaux (Cossonay)",421,3,1,11,27,0,3,0,1
5475,"Chavannes-le-Veyron",120,1,1,2,7,0,1,0,0
5476,"Chevilly",287,2,2,9,9,0,0,1,0
5477,"Cossonay",3647,123,6,313,169,33,48,5,0
5478,"Cottens (VD)",473,1,1,5,28,1,3,0,0
5479,"Cuarnens",438,10,3,18,11,0,1,1,0
5480,"Daillens",940,40,14,33,51,0,16,0,0
5481,"Dizy",222,0,0,8,9,0,0,0,0
5482,"Eclépens",1037,28,1,140,44,1,18,10,0
5483,"Ferreyres",314,2,0,5,7,0,1,0,0
5484,"Gollion",866,27,2,35,37,1,9,1,1
5485,"Grancy",396,3,3,7,22,0,0,0,0
5486,"L'Isle",1032,6,4,45,41,0,6,1,0
5487,"Lussery-Villars",421,23,1,11,36,0,1,0,0
5488,"Mauraz",49,0,0,0,0,0,0,0,0
5489,"Mex (VD)",677,30,9,28,36,18,11,2,3
5490,"Moiry",290,5,0,5,8,0,1,0,0
5491,"Mont-la-Ville",383,8,1,14,9,0,0,0,0
5492,"Montricher",958,13,7,30,49,0,1,0,0
5493,"Orny",375,12,0,19,22,0,1,0,0
5494,"Pampigny",1126,9,7,29,53,0,9,5,0
5495,"Penthalaz",3244,120,5,280,116,30,121,14,0
5496,"Penthaz",1652,69,12,136,54,2,36,8,1
5497,"Pompaples",838,9,4,97,30,8,18,1,0
5498,"La Sarraz",2564,79,10,275,118,75,49,1,0
5499,"Senarclens",450,6,2,5,14,0,2,0,4
5500,"Sévery",231,2,1,7,9,0,1,0,0
5501,"Sullens",924,33,1,28,22,2,6,7,0
5503,"Vufflens-la-Ville",1216,39,2,40,48,0,13,3,0
5511,"Assens",1031,19,8,21,47,2,9,3,2
5512,"Bercher",1148,32,0,74,44,2,9,1,0
5513,"Bioley-Orjulaz",470,14,0,22,12,0,14,0,0
5514,"Bottens",1223,20,2,74,28,3,20,1,0
5515,"Bretigny-sur-Morrens",797,21,7,30,37,0,1,0,0
5516,"Cugy (VD)",2750,78,11,186,106,7,41,7,0
5518,"Echallens",5626,185,22,303,162,56,98,2,18
5520,"Essertines-sur-Yverdon",946,15,3,38,19,4,7,1,0
5521,"Etagnières",1145,56,5,63,42,3,34,1,0
5522,"Fey",636,11,0,16,19,1,8,0,0
5523,"Froideville",2429,41,17,109,111,10,24,5,5
5527,"Morrens (VD)",1054,23,8,11,38,8,14,4,1
5529,"Oulens-sous-Echallens",531,9,2,5,14,1,3,0,0
5530,"Pailly",535,8,1,24,17,0,2,0,0
5531,"Penthéréaz",389,0,1,2,13,0,3,1,0
5533,"Poliez-Pittet",815,8,1,38,15,10,11,1,2
5534,"Rueyres",265,5,0,15,0,0,2,0,0
5535,"Saint-Barthélemy (VD)",784,22,2,11,16,4,10,0,1
5537,"Villars-le-Terroir",1034,21,5,15,25,2,7,0,0
5539,"Vuarrens",935,20,1,39,32,3,17,0,0
5540,"Montilliez",1656,35,7,49,68,0,22,2,0
5541,"Goumoëns",1054,13,1,7,35,2,5,2,0
5551,"Bonvillars",503,7,0,12,11,2,4,1,1
5552,"Bullet",606,3,0,9,15,0,0,1,0
5553,"Champagne",1048,33,1,32,45,0,5,1,0
5554,"Concise",957,12,1,38,43,0,10,1,0
5555,"Corcelles-près-Concise",338,1,0,2,15,0,2,0,0
5556,"Fiez",420,5,0,0,15,0,11,1,0
5557,"Fontaines-sur-Grandson",191,9,0,1,13,0,0,0,0
5559,"Giez",388,10,2,9,15,0,2,0,0
5560,"Grandevent",232,1,5,1,13,0,1,0,0
5561,"Grandson",3306,135,20,152,91,7,28,22,0
5562,"Mauborget",119,0,1,0,17,0,3,0,0
5563,"Mutrux",154,1,0,1,8,0,0,0,0
5564,"Novalles",102,0,0,0,5,0,0,0,0
5565,"Onnens (VD)",495,10,0,19,12,1,4,0,0
5566,"Provence",384,3,0,4,15,0,1,0,0
5568,"Sainte-Croix",4785,101,7,191,218,34,44,15,4
5571,"Tévenon",808,12,4,23,31,0,4,0,0
5581,"Belmont-sur-Lausanne",3604,86,39,95,327,2,44,2,15
5582,"Cheseaux-sur-Lausanne",4318,147,21,299,208,7,83,33,2
5583,"Crissier",7730,592,33,1087,320,84,296,118,78
5584,"Epalinges",9202,272,101,519,684,45,131,32,35
5585,"Jouxtens-Mézery",1414,63,8,29,73,0,13,0,0
5586,"Lausanne",135629,6339,1257,9937,10333,2502,4832,1035,914
5587,"Le Mont-sur-Lausanne",7282,255,73,245,397,56,141,23,33
5588,"Paudex",1492,65,17,81,117,1,34,2,0
5589,"Prilly",11968,713,55,1657,498,123,401,221,77
5590,"Pully",17807,690,220,729,1593,54,349,44,44
5591,"Renens (VD)",20537,1650,87,3243,816,541,801,431,503
5592,"Romanel-sur-Lausanne",3357,143,15,242,147,14,65,18,5
5601,"Chexbres",2216,58,13,103,151,1,14,2,0
5604,"Forel (Lavaux)",2091,39,10,127,104,1,24,2,0
5606,"Lutry",9747,287,180,173,714,13,103,10,31
5607,"Puidoux",2854,57,9,367,156,9,39,7,0
5609,"Rivaz",363,4,2,16,28,0,1,0,0
5610,"Saint-Saphorin (Lavaux)",384,3,7,15,18,0,3,0,0
5611,"Savigny",3342,64,41,161,227,7,31,5,1
5613,"Bourg-en-Lavaux",5239,108,82,238,284,1,56,4,2
5621,"Aclens",525,25,2,21,39,4,11,0,0
5622,"Bremblens",512,7,0,9,27,0,1,0,0
5623,"Buchillon",625,9,11,25,37,0,2,1,0
5624,"Bussigny",8214,593,31,1078,353,72,199,123,18
5625,"Bussy-Chardonney",377,5,2,15,9,0,2,0,0
5627,"Chavannes-près-Renens",7386,558,44,935,391,243,239,129,237
5628,"Chigny",333,7,7,9,22,0,7,0,0
5629,"Clarmont",159,2,1,1,6,4,0,0,0
5631,"Denens",709,9,3,21,45,0,5,0,0
5632,"Denges",1653,54,15,212,55,7,29,8,2
5633,"Echandens",2662,111,24,137,200,6,41,13,9
5634,"Echichens",2593,43,20,54,134,4,18,0,1
5635,"Ecublens (VD)",12284,950,133,1247,785,175,371,205,201
5636,"Etoy",2939,75,34,415,190,3,39,4,1
5637,"Lavigny",995,22,18,105,54,3,2,2,1
5638,"Lonay",2536,80,21,156,129,7,25,6,4
5639,"Lully (VD)",761,25,4,11,21,4,6,0,0
5640,"Lussy-sur-Morges",646,8,4,9,39,0,8,0,0
5642,"Morges",15676,844,156,1681,999,187,362,78,86
5643,"Préverenges",5260,227,63,385,393,32,96,23,24
5644,"Reverolle",361,4,5,27,12,0,1,0,0
5645,"Romanel-sur-Morges",458,6,8,4,24,3,1,0,0
5646,"Saint-Prex",5603,281,65,635,372,63,118,14,8
5648,"Saint-Sulpice (VD)",3904,138,113,114,522,6,72,11,21
5649,"Tolochenaz",1859,86,7,189,106,16,26,8,0
5650,"Vaux-sur-Morges",203,2,1,4,6,3,4,0,0
5651,"Villars-Sainte-Croix",710,81,3,24,25,0,11,0,4
5652,"Villars-sous-Yens",566,11,2,14,26,0,2,0,0
5653,"Vufflens-le-Château",821,13,13,3,51,0,13,0,0
5654,"Vullierens",457,4,4,30,19,0,2,0,0
5655,"Yens",1404,20,25,64,110,0,18,0,0
5661,"Boulens",325,3,1,2,10,0,1,0,0
5662,"Brenles",144,2,0,0,0,0,0,0,0
5663,"Bussy-sur-Moudon",198,1,0,9,7,0,4,0,0
5665,"Chavannes-sur-Moudon",224,0,0,1,3,0,1,0,0
5666,"Chesalles-sur-Moudon",169,0,0,7,2,0,0,0,0
5668,"Cremin",58,0,0,4,3,0,2,0,0
5669,"Curtilles",311,4,0,11,9,0,3,0,0
5671,"Dompierre (VD)",247,4,1,6,19,0,1,0,0
5672,"Forel-sur-Lucens",152,1,0,4,1,0,0,0,0
5673,"Hermenches",381,3,1,17,12,0,2,0,0
5674,"Lovatens",150,0,2,1,2,0,2,0,0
5675,"Lucens",3334,209,8,499,106,117,51,30,22
5678,"Moudon",5925,223,19,1113,180,198,192,129,108
5680,"Ogens",283,0,4,4,11,2,1,0,0
5683,"Prévonloup",172,5,1,7,5,0,1,0,0
5684,"Rossenges",65,0,1,1,3,0,0,0,0
5686,"Sarzens",80,0,1,2,4,0,0,0,0
5688,"Syens",139,7,1,11,8,0,3,0,0
5690,"Villars-le-Comte",150,1,0,9,1,0,0,0,0
5692,"Vucherens",543,7,0,29,17,0,1,0,0
5693,"Montanaire",2416,29,7,80,83,4,9,4,1
5701,"Arnex-sur-Nyon",219,1,0,3,10,0,1,0,0
5702,"Arzier-Le Muids",2571,43,65,39,185,0,19,1,0
5703,"Bassins",1323,45,22,44,58,0,18,0,0
5704,"Begnins",1824,48,26,73,114,20,17,4,0
5705,"Bogis-Bossey",905,27,7,20,55,3,15,2,0
5706,"Borex",1075,36,14,43,100,1,9,0,0
5707,"Chavannes-de-Bogis",1318,55,24,26,67,1,18,4,2
5708,"Chavannes-des-Bois",885,13,29,16,80,0,15,0,1
5709,"Chéserex",1195,28,24,48,71,2,9,0,0
5710,"Coinsins",435,6,8,14,18,0,3,0,0
5711,"Commugny",2863,77,79,46,177,3,28,1,2
5712,"Coppet",3137,114,64,77,288,34,31,12,4
5713,"Crans-près-Céligny",2172,53,28,41,133,0,13,1,0
5714,"Crassier",1187,29,22,36,119,0,7,1,1
5715,"Duillier",1034,13,25,24,59,2,5,3,0
5716,"Eysins",1506,55,11,58,97,10,24,4,4
5717,"Founex",3632,93,58,100,256,9,63,5,3
5718,"Genolier",1929,49,56,69,139,3,9,6,0
5719,"Gingins",1223,33,14,29,52,14,15,0,0
5720,"Givrins",983,7,18,20,89,0,9,1,0
5721,"Gland",12727,529,151,1314,860,206,245,51,15
5722,"Grens",387,6,4,18,25,1,2,0,0
5723,"Mies",1981,63,27,42,132,5,39,2,2
5724,"Nyon",20088,899,248,1806,1369,392,491,173,45
5725,"Prangins",4029,137,58,171,251,18,58,5,1
5726,"La Rippe",1142,20,19,22,93,0,6,0,1
5727,"Saint-Cergue",2443,57,26,104,293,4,23,2,1
5728,"Signy-Avenex",506,5,17,2,29,6,13,2,0
5729,"Tannay",1596,41,43,6,76,5,39,0,12
5730,"Trélex",1425,36,32,23,69,0,12,0,0
5731,"Le Vaud",1244,6,11,33,63,0,2,2,0
5732,"Vich",896,22,5,53,74,0,8,6,0
5741,"L'Abergement",251,1,2,1,9,0,0,0,0
5742,"Agiez",310,6,0,20,11,0,5,1,0
5743,"Arnex-sur-Orbe",621,12,1,28,18,0,3,6,1
5744,"Ballaigues",1071,28,1,27,42,2,9,0,6
5745,"Baulmes",1033,39,2,36,31,0,7,0,0
5746,"Bavois",941,24,3,48,47,3,10,1,0
5747,"Bofflens",187,1,0,2,2,0,0,0,0
5748,"Bretonnières",253,6,0,2,6,0,3,0,0
5749,"Chavornay",4162,99,20,290,193,71,65,32,4
5750,"Les Clées",186,0,1,5,4,0,1,0,0
5751,"Corcelles-sur-Chavornay",353,6,0,11,4,0,2,0,0
5752,"Croy",335,6,4,3,6,0,1,0,2
5754,"Juriens",301,0,0,2,12,0,0,0,0
5755,"Lignerolle",390,6,0,7,16,0,5,1,0
5756,"Montcherand",474,14,1,11,10,0,3,1,0
5757,"Orbe",6852,224,25,866,273,83,101,60,7
5758,"La Praz",160,0,0,4,8,0,3,0,0
5759,"Premier",185,0,1,2,3,0,1,0,0
5760,"Rances",460,5,1,15,11,1,0,0,0
5761,"Romainmôtier-Envy",529,16,4,3,34,0,1,0,0
5762,"Sergey",144,4,0,3,5,0,1,0,0
5763,"Valeyres-sous-Rances",601,14,4,34,40,0,3,0,0
5764,"Vallorbe",3654,147,2,306,182,59,103,21,1
5765,"Vaulion",489,5,1,14,14,1,1,2,0
5766,"Vuiteboeuf",545,5,1,56,14,5,9,0,0
5782,"Carrouge (VD)",1208,24,0,50,48,23,9,5,1
5785,"Corcelles-le-Jorat",423,9,7,11,13,0,3,1,2
5788,"Essertes",330,6,1,19,14,1,2,1,0
5789,"Ferlens (VD)",335,4,1,4,7,0,2,0,0
5790,"Maracon",444,6,7,6,9,0,3,0,0
5791,"Mézières (VD)",1216,18,8,49,45,5,18,1,0
5792,"Montpreveyres",626,19,3,25,31,12,3,0,1
5798,"Ropraz",407,5,1,14,20,8,11,6,0
5799,"Servion",1906,27,12,86,103,6,12,0,2
5803,"Vulliens",461,4,2,15,25,0,1,0,0
5804,"Jorat-Menthue",1522,37,1,71,58,0,12,0,0
5805,"Oron",5309,88,23,406,194,58,49,26,5
5812,"Champtauroz",133,4,0,8,0,0,1,0,0
5813,"Chevroux",435,1,2,13,7,0,7,0,0
5816,"Corcelles-près-Payerne",2233,32,10,265,42,27,28,8,7
5817,"Grandcour",851,9,1,50,16,2,9,0,0
5819,"Henniez",339,6,0,46,8,0,2,0,0
5821,"Missy",349,1,2,28,8,0,3,1,0
5822,"Payerne",9460,312,16,1614,183,391,101,153,67
5827,"Trey",256,1,0,8,6,0,2,0,0
5828,"Treytorrens (Payerne)",123,1,0,0,0,0,0,0,0
5830,"Villarzel",416,4,0,20,6,1,0,1,0
5831,"Valbroye",2961,64,11,322,58,48,22,10,1
5841,"Château-d'Oex",3406,57,29,303,185,15,23,4,1
5842,"Rossinière",568,1,3,18,39,1,3,0,0
5843,"Rougemont",887,27,12,107,47,0,18,5,0
5851,"Allaman",395,17,0,33,18,5,10,4,2
5852,"Bursinel",475,11,5,23,33,0,15,0,0
5853,"Bursins",779,14,4,26,58,4,6,0,0
5854,"Burtigny",350,2,0,22,9,0,1,1,1
5855,"Dully",641,15,12,22,68,5,5,1,0
5856,"Essertines-sur-Rolle",696,7,6,38,51,7,1,1,0
5857,"Gilly",1134,28,23,54,54,4,8,0,0
5858,"Luins",632,10,11,99,35,4,10,1,0
5859,"Mont-sur-Rolle",2618,119,46,152,153,2,27,9,0
5860,"Perroy",1465,46,28,96,86,21,14,12,1
5861,"Rolle",6109,284,87,593,497,60,133,20,7
5862,"Tartegnin",230,5,0,12,15,0,2,0,0
5863,"Vinzel",349,4,3,12,17,0,0,0,0
5871,"L'Abbaye",1433,15,6,55,65,6,16,0,0
5872,"Le Chenit",4644,163,22,469,269,11,50,0,12
5873,"Le Lieu",857,23,8,19,45,0,3,0,0
5881,"Blonay",6130,144,105,115,331,1,47,3,9
5882,"Chardonne",2875,50,51,39,221,1,21,1,4
5883,"Corseaux",2172,54,26,63,131,5,25,12,3
5884,"Corsier-sur-Vevey",3443,169,33,340,183,22,58,41,7
5885,"Jongny",1494,43,30,32,88,0,16,0,0
5886,"Montreux",26433,1504,296,1796,1830,204,582,502,82
5888,"Saint-Légier-La Chiésaz",5075,104,72,71,270,3,63,1,2
5889,"La Tour-de-Peilz",11421,590,156,513,611,37,197,92,19
5890,"Vevey",19453,1154,138,2117,1104,202,469,274,137
5891,"Veytaux",865,28,6,50,61,3,11,3,0
5902,"Belmont-sur-Yverdon",369,4,1,16,8,0,2,0,0
5903,"Bioley-Magnoux",201,0,0,8,1,0,0,0,0
5904,"Chamblon",568,19,2,11,25,0,4,1,0
5905,"Champvent",616,24,3,38,9,1,3,0,0
5907,"Chavannes-le-Chêne",278,1,2,0,2,0,6,0,0
5908,"Chêne-Pâquier",124,0,0,0,2,0,0,0,0
5909,"Cheseaux-Noréaz",664,13,7,5,25,2,14,2,0
5910,"Cronay",364,4,1,2,13,0,1,1,0
5911,"Cuarny",215,3,0,2,8,0,0,0,0
5912,"Démoret",123,0,1,0,8,0,0,0,0
5913,"Donneloye",766,5,8,13,18,0,10,0,0
5914,"Ependes (VD)",346,1,0,14,24,0,3,1,0
5915,"Essert-Pittet",164,2,0,16,3,0,1,0,0
5919,"Mathod",582,13,1,8,23,0,5,0,0
5921,"Molondin",223,0,1,10,11,0,0,0,0
5922,"Montagny-près-Yverdon",713,29,2,14,23,2,7,0,0
5923,"Oppens",182,1,0,24,0,0,0,0,0
5924,"Orges",275,0,0,16,12,0,1,0,0
5925,"Orzens",212,6,0,7,5,0,0,0,0
5926,"Pomy",731,15,2,7,26,0,5,0,0
5928,"Rovray",176,0,0,2,7,0,2,0,0
5929,"Suchy",542,10,5,16,27,0,0,0,0
5930,"Suscévaz",198,2,0,7,7,0,1,0,0
5931,"Treycovagnes",463,11,1,17,5,0,4,1,0
5932,"Ursins",206,5,0,0,12,0,2,0,0
5933,"Valeyres-sous-Montagny",661,21,1,19,18,0,10,7,3
5934,"Valeyres-sous-Ursins",245,2,0,4,4,0,1,0,0
5935,"Villars-Epeney",90,3,0,0,1,0,0,0,0
5937,"Vugelles-La Mothe",136,1,0,9,9,0,0,0,0
5938,"Yverdon-les-Bains",29700,1179,78,4009,994,261,468,723,68
5939,"Yvonand",3156,69,12,130,106,2,32,4,0
6002,"Brig-Glis",13088,254,377,307,9,89,31,106,8
6004,"Eggerberg",345,0,10,0,1,0,0,0,0
6007,"Naters",9808,194,240,239,10,113,8,108,6
6008,"Ried-Brig",2041,22,57,18,2,1,2,1,0
6009,"Simplon",319,2,0,0,2,0,0,2,0
6010,"Termen",895,6,41,10,1,0,0,0,0
6011,"Zwischbergen",84,16,0,0,0,0,1,0,0
6021,"Ardon",3050,47,4,720,49,15,23,1,62
6022,"Chamoson",3587,21,6,463,125,3,8,4,1
6023,"Conthey",8485,153,10,1052,158,69,49,39,20
6024,"Nendaz",6302,53,18,263,226,6,27,2,1
6025,"Vétroz",5888,189,13,869,73,37,31,33,13
6031,"Bagnes",8057,114,60,719,551,9,87,24,0
6032,"Bourg-Saint-Pierre",183,13,0,4,8,0,4,2,0
6033,"Liddes",750,6,3,13,22,0,6,0,0
6034,"Orsières",3179,25,7,227,100,3,4,6,0
6035,"Sembrancher",984,13,3,131,27,0,12,1,0
6036,"Vollèges",1891,10,3,64,73,0,5,0,4
6052,"Bellwald",411,1,24,13,0,0,1,1,0
6054,"Binn",145,2,1,3,2,0,0,0,0
6055,"Blitzingen",74,0,9,1,0,1,0,0,0
6056,"Ernen",511,1,34,1,1,0,0,0,0
6057,"Fiesch",927,5,36,12,3,0,0,15,0
6058,"Fieschertal",319,0,9,5,0,0,0,3,0
6061,"Lax",286,1,10,1,0,0,0,0,0
6064,"Niederwald",47,0,0,4,0,0,0,0,0
6073,"Grafschaft",195,0,11,0,0,0,0,0,0
6074,"Münster-Geschinen",451,2,30,11,1,0,0,1,0
6075,"Reckingen-Gluringen",436,0,5,9,1,0,0,0,0
6076,"Obergoms",650,1,18,25,1,0,1,3,0
6081,"Les Agettes",347,4,1,8,17,0,3,0,0
6082,"Ayent",3922,19,11,192,148,5,13,0,0
6083,"Evolène",1689,2,0,27,64,0,4,1,0
6084,"Hérémence",1362,7,1,13,15,0,1,0,0
6087,"Saint-Martin (VS)",875,1,0,14,14,0,1,1,0
6089,"Vex",1801,13,10,114,71,4,8,1,0
6090,"Mont-Noble",1033,11,9,3,41,1,9,0,0
6101,"Agarn",780,6,10,26,0,6,0,0,0
6102,"Albinen",243,0,12,0,6,0,0,0,0
6104,"Ergisch",189,0,5,0,0,0,0,0,0
6109,"Inden",120,1,8,3,1,0,0,0,0
6110,"Leuk",3915,25,86,137,10,75,11,14,0
6111,"Leukerbad",1475,35,78,236,30,1,10,13,2
6112,"Oberems",125,1,1,0,1,0,0,0,0
6113,"Salgesch",1465,19,11,61,16,11,3,37,0
6116,"Varen",615,2,13,7,2,0,0,9,0
6117,"Guttet-Feschel",415,3,11,2,0,0,0,2,0
6118,"Gampel-Bratsch",1909,24,33,54,1,26,1,6,3
6119,"Turtmann-Unterems",1117,8,19,7,0,5,0,0,0
6131,"Bovernier",850,6,4,58,32,0,3,0,0
6132,"Charrat",1666,60,2,296,34,3,15,19,0
6133,"Fully",8524,132,15,1032,187,30,63,76,1
6134,"Isérables",854,1,1,9,8,0,1,0,0
6135,"Leytron",3084,23,8,382,122,1,10,5,0
6136,"Martigny",17651,888,38,2339,619,256,196,170,21
6137,"Martigny-Combe",2317,45,3,72,85,6,8,14,0
6139,"Riddes",2985,53,7,591,143,14,15,3,2
6140,"Saillon",2482,40,1,320,103,0,11,4,1
6141,"Saxon",5534,158,5,1224,148,53,55,38,2
6142,"Trient",193,10,4,1,4,7,0,0,0
6151,"Champéry",1340,14,8,28,180,0,13,1,0
6152,"Collombey-Muraz",8638,401,16,872,271,171,103,48,15
6153,"Monthey",17512,890,54,2373,639,303,334,112,168
6154,"Port-Valais",3899,100,20,153,148,72,37,5,4
6155,"Saint-Gingolph",912,17,9,38,69,0,5,5,1
6156,"Troistorrents",4505,58,16,118,206,2,32,0,0
6157,"Val-d'Illiez",1875,10,5,63,120,1,8,1,0
6158,"Vionnaz",2530,80,19,149,110,1,29,3,0
6159,"Vouvry",3968,142,9,314,195,111,62,25,5
6172,"Bister",31,0,1,0,0,0,0,0,0
6173,"Bitsch",894,14,23,22,0,2,8,3,0
6177,"Grengiols",431,0,11,1,0,0,0,0,0
6181,"Riederalp",498,2,31,8,0,0,0,4,0
6191,"Ausserberg",628,3,22,1,0,0,1,0,0
6192,"Blatten",288,0,3,2,1,0,0,0,0
6193,"Bürchen",738,5,10,0,3,0,0,0,0
6194,"Eischoll",453,0,6,3,0,0,0,0,0
6195,"Ferden",244,0,5,0,0,0,0,0,0
6197,"Kippel",353,0,2,0,0,0,0,0,0
6198,"Niedergesteln",683,0,8,17,1,6,0,7,0
6199,"Raron",1905,22,45,81,8,18,5,2,1
6201,"Unterbäch",411,1,14,1,0,0,0,0,0
6202,"Wiler (Lötschen)",576,2,8,17,1,0,0,0,0
6203,"Mörel-Filet",686,2,24,38,0,0,2,0,0
6204,"Steg-Hohtenn",1573,15,33,7,4,8,1,19,1
6205,"Bettmeralp",452,4,19,11,0,0,0,7,0
6211,"Collonges",723,15,2,58,27,0,9,0,0
6212,"Dorénaz",870,7,0,65,23,6,7,0,0
6213,"Evionnaz",1242,20,0,135,35,3,6,0,0
6214,"Finhaut",445,19,19,34,21,0,2,0,0
6215,"Massongex",1787,44,4,117,42,38,25,5,0
6217,"Saint-Maurice",4494,171,7,417,105,166,123,36,1
6218,"Salvan",1339,7,4,23,62,1,5,0,0
6219,"Vernayaz",1886,73,1,304,33,5,17,18,1
6220,"Vérossaz",712,7,0,15,18,0,0,0,0
6232,"Chalais",3410,142,3,252,96,2,13,19,0
6234,"Chermignon",3117,144,11,229,249,1,34,44,0
6235,"Chippis",1632,162,0,408,17,14,16,39,0
6238,"Grône",2311,55,3,283,56,5,28,3,1
6239,"Icogne",561,10,9,28,33,0,5,0,0
6240,"Lens",3986,217,33,279,358,16,32,20,1
6241,"Miège",1349,23,14,80,49,0,6,9,0
6242,"Mollens (VS)",972,46,17,68,59,1,6,2,0
6243,"Montana",2363,124,12,188,205,3,25,37,0
6244,"Randogne",4479,270,54,270,370,1,77,82,9
6246,"Saint-Léonard",2269,51,4,275,63,2,15,2,0
6248,"Sierre",16711,1254,61,2116,436,101,97,200,46
6249,"Venthône",1213,18,7,47,56,0,2,0,0
6250,"Veyras",1817,75,17,106,51,0,5,6,1
6252,"Anniviers",2716,30,24,242,144,0,10,4,0
6261,"Arbaz",1195,6,11,30,67,0,6,0,0
6263,"Grimisuat",3218,38,5,206,118,1,13,0,1
6265,"Savièse",7381,54,23,427,253,2,26,5,2
6266,"Sion",33532,1220,99,3606,983,232,380,176,88
6267,"Veysonnaz",606,6,0,26,41,0,2,0,0
6281,"Baltschieder",1300,6,37,6,0,12,0,2,0
6282,"Eisten",201,0,0,0,0,0,0,0,0
6283,"Embd",302,0,8,0,1,0,0,0,0
6285,"Grächen",1351,4,45,27,2,0,3,8,0
6286,"Lalden",668,0,11,21,3,3,0,6,0
6287,"Randa",446,23,6,70,0,5,0,2,0
6288,"Saas-Almagell",391,6,7,25,0,0,0,0,0
6289,"Saas-Balen",369,0,7,11,1,0,0,1,0
6290,"Saas-Fee",1621,9,118,161,12,0,3,29,0
6291,"Saas-Grund",1043,7,27,38,3,0,4,13,0
6292,"St. Niklaus",2290,11,51,59,5,0,0,2,0
6293,"Stalden (VS)",1098,21,23,6,1,0,2,0,0
6294,"Staldenried",550,2,7,0,0,0,0,1,0
6295,"Täsch",1222,45,38,480,0,13,2,1,1
6296,"Törbel",468,0,2,1,0,0,0,0,0
6297,"Visp",7665,105,319,197,19,91,8,139,26
6298,"Visperterminen",1380,1,26,0,1,0,2,0,1
6299,"Zeneggen",288,2,14,0,0,0,0,0,0
6300,"Zermatt",5759,242,261,1116,49,2,31,26,1
6402,"Bevaix",3817,129,20,187,125,16,28,3,2
6404,"Boudry",5720,236,39,584,301,36,82,2,17
6405,"Brot-Dessous",103,1,2,2,2,0,0,0,0
6407,"Corcelles-Cormondrèche",4719,210,21,175,216,14,48,7,7
6408,"Cortaillod",4802,188,16,322,177,1,55,11,6
6409,"Fresens",222,0,0,0,3,0,0,0,0
6410,"Gorgier",2004,63,7,66,102,1,32,1,0
6411,"Montalchez",243,0,0,5,5,0,2,0,0
6412,"Peseux",5919,306,16,803,217,64,83,12,45
6413,"Rochefort",1121,17,2,20,51,0,7,0,0
6414,"Saint-Aubin-Sauges",2510,94,3,247,95,1,38,6,0
6415,"Vaumarcus",276,5,6,11,15,0,3,0,0
6416,"Milvignes",9069,359,55,411,394,33,131,24,11
6421,"La Chaux-de-Fonds",38957,1711,77,4608,1302,318,823,131,340
6422,"Les Planchettes",223,6,0,4,5,0,1,0,0
6423,"La Sagne",963,18,5,15,25,0,1,0,0
6431,"Les Brenets",1045,36,0,17,64,0,4,0,0
6432,"La Brévine",642,6,0,10,13,0,1,0,0
6433,"Brot-Plamboz",270,5,0,0,0,0,0,0,0
6434,"Le Cerneux-Péquignot",325,4,0,3,5,0,0,0,0
6435,"La Chaux-du-Milieu",501,2,1,7,8,0,1,0,0
6436,"Le Locle",10444,547,13,1113,415,67,258,13,40
6437,"Les Ponts-de-Martel",1279,10,0,34,30,0,8,1,2
6451,"Cornaux",1592,89,8,133,52,10,9,0,2
6452,"Cressier (NE)",1904,121,8,215,58,7,31,0,8
6453,"Enges",279,4,1,3,11,0,2,0,0
6454,"Hauterive (NE)",2628,141,23,214,90,31,27,3,10
6455,"Le Landeron",4501,158,21,254,150,72,50,11,14
6456,"Lignières",949,10,9,26,43,0,9,0,0
6458,"Neuchâtel",33712,1573,224,2283,2231,283,535,82,274
6459,"Saint-Blaise",3284,128,17,132,158,31,26,2,7
6461,"La Tène",4929,273,15,490,175,19,46,5,12
6485,"Valangin",496,33,2,51,20,0,11,0,0
6487,"Val-de-Ruz",16586,417,29,797,667,33,138,10,26
6504,"La Côte-aux-Fées",469,3,1,16,18,0,2,0,0
6511,"Les Verrières",699,7,1,7,32,3,3,0,0
6512,"Val-de-Travers",10905,425,17,699,362,129,126,28,4
6601,"Aire-la-Ville",1160,24,9,16,51,2,20,1,0
6602,"Anières",2426,38,32,67,145,0,17,2,17
6603,"Avully",1771,41,3,100,66,0,35,0,7
6604,"Avusy",1426,10,10,27,43,0,8,0,0
6605,"Bardonnex",2260,65,9,89,129,34,36,3,2
6606,"Bellevue",3260,93,30,104,137,20,70,4,17
6607,"Bernex",9932,234,117,374,357,39,150,13,20
6608,"Carouge (GE)",21342,1158,155,1914,1232,255,676,48,84
6609,"Cartigny",865,19,4,18,46,0,8,0,0
6610,"Céligny",679,14,2,27,40,7,10,0,0
6611,"Chancy",1598,44,12,86,50,1,29,4,4
6612,"Chêne-Bougeries",11222,435,132,472,872,67,218,30,44
6613,"Chêne-Bourg",8472,378,63,849,469,94,221,30,47
6614,"Choulex",1139,20,13,18,77,0,10,0,0
6615,"Collex-Bossy",1665,53,28,43,94,4,13,0,6
6616,"Collonge-Bellerive",7998,217,62,199,682,12,79,22,28
6617,"Cologny",5500,130,65,116,638,10,54,9,19
6618,"Confignon",4520,123,34,120,157,5,52,1,8
6619,"Corsier (GE)",2017,65,29,76,152,1,30,0,6
6620,"Dardagny",1532,35,9,117,89,1,30,2,7
6621,"Genève",198072,9728,2492,14855,16498,1933,7763,555,961
6622,"Genthod",2747,95,24,50,119,2,25,1,17
6623,"Le Grand-Saconnex",12107,410,124,575,517,113,294,31,67
6624,"Gy",508,9,0,11,30,0,10,0,0
6625,"Hermance",1016,15,11,16,60,1,6,0,0
6626,"Jussy",1271,13,7,22,92,0,9,0,0
6627,"Laconnex",661,11,3,8,33,0,2,0,0
6628,"Lancy",31359,1366,184,3216,1227,495,1108,88,136
6629,"Meinier",2140,54,13,55,128,0,26,0,4
6630,"Meyrin",22152,1011,151,2629,755,421,710,79,175
6631,"Onex",18635,938,136,2059,568,409,671,51,119
6632,"Perly-Certoux",3039,119,11,201,183,17,49,1,9
6633,"Plan-les-Ouates",10344,288,82,383,440,108,186,25,48
6634,"Pregny-Chambésy",3693,134,63,49,200,9,120,7,34
6635,"Presinge",692,7,7,11,37,0,3,1,0
6636,"Puplinge",2122,61,21,45,112,3,20,0,2
6637,"Russin",540,14,13,26,23,0,4,0,1
6638,"Satigny",4107,76,39,312,212,14,52,4,0
6639,"Soral",752,3,0,21,43,0,8,1,0
6640,"Thônex",13955,503,66,1300,754,124,382,54,58
6641,"Troinex",2336,67,15,58,129,2,22,2,6
6642,"Vandoeuvres",2513,79,27,73,181,1,29,0,5
6643,"Vernier",34655,1630,200,4782,1050,1118,1301,181,188
6644,"Versoix",13263,478,135,864,577,198,253,36,61
6645,"Veyrier",11273,449,107,383,688,42,171,18,47
6702,"Boécourt",898,31,1,17,16,0,9,0,1
6703,"Bourrignon",266,1,0,1,6,0,2,1,0
6704,"Châtillon (JU)",475,13,0,0,17,0,1,0,0
6705,"Corban",465,1,1,1,2,0,4,0,0
6706,"Courchapoix",427,5,0,4,10,0,3,0,2
6708,"Courrendlin",2783,110,9,134,92,43,37,9,12
6709,"Courroux",3229,99,6,69,37,7,86,9,8
6710,"Courtételle",2569,137,5,56,63,16,54,11,3
6711,"Delémont",12593,595,53,466,339,297,485,78,100
6712,"Develier",1401,30,3,61,30,9,18,3,0
6713,"Ederswiler",113,0,0,0,0,0,2,0,0
6715,"Mervelier",508,2,1,0,5,0,0,0,0
6716,"Mettembert",107,4,2,0,2,0,1,0,0
6718,"Movelier",391,5,3,5,9,0,1,0,0
6719,"Pleigne",359,0,2,2,4,0,0,0,0
6720,"Rebeuvelier",396,2,0,3,8,0,2,0,0
6721,"Rossemaison",600,11,4,13,6,0,7,0,0
6722,"Saulcy",262,0,1,10,2,0,1,0,0
6724,"Soyhières",487,11,6,15,21,2,3,6,9
6728,"Vellerat",71,1,0,0,4,0,0,0,0
6729,"Haute-Sorne",6886,241,10,250,132,27,88,45,10
6730,"Val Terbi",2626,33,6,22,60,1,21,0,3
6741,"Le Bémont (JU)",316,0,0,0,5,0,0,0,0
6742,"Les Bois",1195,11,1,15,45,6,8,0,0
6743,"Les Breuleux",1520,30,2,95,43,6,4,3,10
6744,"La Chaux-des-Breuleux",97,0,1,0,1,0,0,0,0
6745,"Les Enfers",148,0,0,0,3,0,1,0,0
6748,"Les Genevez (JU)",513,2,0,13,4,0,8,0,0
6750,"Lajoux (JU)",660,2,0,14,7,0,20,0,0
6751,"Montfaucon",610,10,2,0,7,0,4,0,0
6753,"Muriaux",504,2,1,6,19,0,1,0,0
6754,"Le Noirmont",1845,34,1,129,70,2,13,0,0
6757,"Saignelégier",2537,26,2,30,66,3,32,1,4
6758,"Saint-Brais",235,0,0,1,3,0,0,0,0
6759,"Soubey",132,2,0,0,1,0,0,0,0
6771,"Alle",1765,66,1,31,41,9,4,0,0
6773,"Beurnevésin",126,0,0,0,3,0,0,0,0
6774,"Boncourt",1223,8,3,1,64,4,6,0,1
6775,"Bonfol",669,13,4,1,17,1,9,1,1
6778,"Bure",690,4,1,6,23,0,1,0,0
6781,"Coeuve",715,1,0,7,17,0,1,0,0
6782,"Cornol",1029,6,0,24,15,4,7,0,0
6783,"Courchavon",300,1,3,1,4,0,2,0,0
6784,"Courgenay",2262,28,4,37,69,3,23,0,0
6785,"Courtedoux",772,3,0,15,26,0,5,0,0
6787,"Damphreux",181,0,1,0,10,0,0,0,0
6789,"Fahy",355,0,2,4,14,0,3,0,0
6790,"Fontenais",1671,33,1,12,48,1,23,1,0
6792,"Grandfontaine",392,0,1,0,10,0,0,0,0
6793,"Lugnez",184,1,2,5,2,0,1,0,0
6800,"Porrentruy",6829,152,28,167,299,94,114,10,14
6803,"Rocourt",156,0,0,0,4,0,0,0,0
6806,"Vendlincourt",560,2,1,5,14,0,4,6,0
6807,"Basse-Allaine",1243,7,2,17,38,1,12,4,0
6808,"Clos du Doubs",1306,21,4,15,40,0,4,2,0
6809,"Haute-Ajoie",946,6,7,5,46,5,1,0,0
6810,"La Baroche",1184,6,3,15,31,0,11,0,1
